# SQL Manager 2007 for MySQL 4.1.2.1
# ---------------------------------------
# Host     : localhost
# Port     : 3306
# Database : maestriacom


SET FOREIGN_KEY_CHECKS=0;

DROP DATABASE IF EXISTS `maestriacom`;

CREATE DATABASE `maestriacom`
    CHARACTER SET 'latin1'
    COLLATE 'latin1_swedish_ci';

USE `maestriacom`;

#
# Structure for the `articulo` table : 
#

CREATE TABLE `articulo` (
  `id` int(11) NOT NULL AUTO_INCREMENT,
  `titulo` varchar(255) CHARACTER SET utf8 NOT NULL,
  `revista` varchar(255) CHARACTER SET utf8 NOT NULL,
  `basededatos` varchar(255) CHARACTER SET utf8 NOT NULL,
  `grupo` varchar(255) CHARACTER SET utf8 NOT NULL,
  `issn` varchar(255) CHARACTER SET utf8 DEFAULT NULL,
  `volumen` varchar(255) CHARACTER SET utf8 DEFAULT NULL,
  `paginas` varchar(255) CHARACTER SET utf8 DEFAULT NULL,
  `doi` varchar(255) CHARACTER SET utf8 DEFAULT NULL,
  `ano` int(11) NOT NULL,
  `uniquekey` varchar(255) CHARACTER SET utf8 DEFAULT NULL,
  `numero` varchar(20) DEFAULT NULL,
  PRIMARY KEY (`id`),
  UNIQUE KEY `pk__articulo__3214ec07ad41a686` (`id`)
) ENGINE=InnoDB AUTO_INCREMENT=991 DEFAULT CHARSET=latin1;

#
# Structure for the `asignaturademaestria` table : 
#

CREATE TABLE `asignaturademaestria` (
  `id` int(11) NOT NULL AUTO_INCREMENT,
  `nombre` varchar(255) CHARACTER SET utf8 NOT NULL,
  `abreviatura` varchar(255) CHARACTER SET utf8 DEFAULT NULL,
  `creditos` int(11) DEFAULT NULL,
  `tipo` varchar(255) CHARACTER SET utf8 DEFAULT NULL,
  `objetivos` varchar(1000) CHARACTER SET utf8 DEFAULT NULL,
  `contenidos` varchar(1000) CHARACTER SET utf8 DEFAULT NULL,
  PRIMARY KEY (`id`),
  UNIQUE KEY `pk__asignatu__3214ec07e665ca58` (`id`)
) ENGINE=InnoDB AUTO_INCREMENT=22 DEFAULT CHARSET=latin1;

#
# Structure for the `ediciondemaestria` table : 
#

CREATE TABLE `ediciondemaestria` (
  `id` int(11) NOT NULL AUTO_INCREMENT,
  `nombre` varchar(255) CHARACTER SET utf8 NOT NULL,
  `fechainicio` datetime DEFAULT NULL,
  `fechafin` datetime DEFAULT NULL,
  `numerodeserie` int(11) DEFAULT NULL,
  PRIMARY KEY (`id`),
  UNIQUE KEY `pk__ediciond__3214ec076c196945` (`id`)
) ENGINE=InnoDB AUTO_INCREMENT=4 DEFAULT CHARSET=latin1;

#
# Structure for the `grupodeinvestigacion` table : 
#

CREATE TABLE `grupodeinvestigacion` (
  `id` int(11) NOT NULL AUTO_INCREMENT,
  `nombre` varchar(255) CHARACTER SET utf8 NOT NULL,
  PRIMARY KEY (`id`),
  UNIQUE KEY `pk__grupodei__3214ec07f3ee8378` (`id`)
) ENGINE=InnoDB AUTO_INCREMENT=4 DEFAULT CHARSET=latin1;

#
# Structure for the `persona` table : 
#

CREATE TABLE `persona` (
  `id` int(11) NOT NULL AUTO_INCREMENT,
  `nombre` varchar(255) CHARACTER SET utf8 NOT NULL,
  `apellidos` varchar(255) CHARACTER SET utf8 NOT NULL,
  `ci` varchar(255) CHARACTER SET utf8 DEFAULT NULL,
  `idgrupodeinvestigacion` int(11) DEFAULT NULL,
  `profesion` varchar(255) CHARACTER SET utf8 DEFAULT NULL,
  `organismo` varchar(255) CHARACTER SET utf8 DEFAULT NULL,
  `correo` varchar(255) CHARACTER SET utf8 DEFAULT NULL,
  `codiceid` varchar(255) CHARACTER SET utf8 DEFAULT NULL,
  `gradocientifico` varchar(255) CHARACTER SET utf8 DEFAULT NULL,
  `categoriadocente` varchar(255) CHARACTER SET utf8 DEFAULT NULL,
  `location` int(11) DEFAULT NULL,
  `fechagradocientifico` datetime DEFAULT NULL,
  PRIMARY KEY (`id`),
  UNIQUE KEY `pk__persona__3214ec077eef4ef2` (`id`),
  KEY `fk44201694b4ceee8e` (`idgrupodeinvestigacion`),
  CONSTRAINT `fk44201694b4ceee8e` FOREIGN KEY (`idgrupodeinvestigacion`) REFERENCES `grupodeinvestigacion` (`id`)
) ENGINE=InnoDB AUTO_INCREMENT=245 DEFAULT CHARSET=latin1;

#
# Structure for the `asignaturamaestriaimpartida` table : 
#

CREATE TABLE `asignaturamaestriaimpartida` (
  `id` int(11) NOT NULL AUTO_INCREMENT,
  `idediciondemaestria` int(11) DEFAULT NULL,
  `idasignaturademaestria` int(11) DEFAULT NULL,
  `idpersona` int(11) DEFAULT NULL,
  PRIMARY KEY (`id`),
  UNIQUE KEY `pk__asignatu__3214ec07fed47f29` (`id`),
  KEY `fk802df011296cb1ad` (`idediciondemaestria`),
  KEY `fk802df011676409fa` (`idasignaturademaestria`),
  KEY `fk802df011db3a85ff` (`idpersona`),
  CONSTRAINT `fk802df011296cb1ad` FOREIGN KEY (`idediciondemaestria`) REFERENCES `ediciondemaestria` (`id`),
  CONSTRAINT `fk802df011676409fa` FOREIGN KEY (`idasignaturademaestria`) REFERENCES `asignaturademaestria` (`id`),
  CONSTRAINT `fk802df011db3a85ff` FOREIGN KEY (`idpersona`) REFERENCES `persona` (`id`)
) ENGINE=InnoDB AUTO_INCREMENT=44 DEFAULT CHARSET=latin1;

#
# Structure for the `creditolibre` table : 
#

CREATE TABLE `creditolibre` (
  `id` int(11) NOT NULL AUTO_INCREMENT,
  `nombre` varchar(255) DEFAULT NULL,
  `tipo` varchar(255) DEFAULT NULL,
  `calificacion` varchar(255) DEFAULT NULL,
  `creditos` int(11) DEFAULT NULL,
  `idestudiantedemaestria` int(11) DEFAULT NULL,
  PRIMARY KEY (`id`),
  UNIQUE KEY `id` (`id`)
) ENGINE=MyISAM AUTO_INCREMENT=69 DEFAULT CHARSET=latin1;

#
# Structure for the `cursopostgrado` table : 
#

CREATE TABLE `cursopostgrado` (
  `id` int(11) NOT NULL AUTO_INCREMENT,
  `nombre` varchar(255) CHARACTER SET utf8 DEFAULT NULL,
  `abreviatura` varchar(255) CHARACTER SET utf8 DEFAULT NULL,
  `creditos` int(11) DEFAULT NULL,
  `idprofesor` int(11) DEFAULT NULL,
  `tipo` varchar(255) CHARACTER SET utf8 DEFAULT NULL,
  `fecha` datetime DEFAULT NULL,
  `fechaacta` datetime DEFAULT NULL,
  `fechafin` datetime DEFAULT NULL,
  `fechainicio` datetime DEFAULT NULL,
  PRIMARY KEY (`id`),
  UNIQUE KEY `pk__cursopos__3214ec074843f27d` (`id`),
  KEY `fkea31f442d5e640cc` (`idprofesor`),
  CONSTRAINT `fkea31f442d5e640cc` FOREIGN KEY (`idprofesor`) REFERENCES `persona` (`id`)
) ENGINE=InnoDB AUTO_INCREMENT=144 DEFAULT CHARSET=latin1;

#
# Structure for the `cursosenedicion` table : 
#

CREATE TABLE `cursosenedicion` (
  `idediciondemaestria` int(11) NOT NULL,
  `idcursopostgrado` int(11) NOT NULL,
  `id` int(11) NOT NULL AUTO_INCREMENT,
  PRIMARY KEY (`id`),
  UNIQUE KEY `id` (`id`)
) ENGINE=InnoDB AUTO_INCREMENT=78 DEFAULT CHARSET=latin1;

#
# Structure for the `tesis` table : 
#

CREATE TABLE `tesis` (
  `id` int(11) NOT NULL AUTO_INCREMENT,
  `titulo` varchar(255) CHARACTER SET utf8 NOT NULL,
  `institucion` varchar(255) CHARACTER SET utf8 NOT NULL,
  `tipo` varchar(255) CHARACTER SET utf8 DEFAULT NULL,
  `ano` int(11) DEFAULT NULL,
  `pais` varchar(255) CHARACTER SET utf8 DEFAULT NULL,
  PRIMARY KEY (`id`),
  UNIQUE KEY `pk__tesis__3214ec07d92f966b` (`id`)
) ENGINE=InnoDB AUTO_INCREMENT=586 DEFAULT CHARSET=latin1;

#
# Structure for the `estudiantedemaestria` table : 
#

CREATE TABLE `estudiantedemaestria` (
  `id` int(11) NOT NULL AUTO_INCREMENT,
  `idpersona` int(11) DEFAULT NULL,
  `idediciondemaestria` int(11) DEFAULT NULL,
  `idpersonaprimerasesor` int(11) DEFAULT NULL,
  `idsegundoasesor` int(11) DEFAULT NULL,
  `iddefensadetesis` int(11) DEFAULT NULL,
  `temadeinvestigacion` varchar(255) DEFAULT NULL,
  `esbaja` tinyint(4) DEFAULT NULL,
  PRIMARY KEY (`id`),
  UNIQUE KEY `id` (`id`),
  KEY `iddefensadetesis` (`iddefensadetesis`),
  KEY `idpersona` (`idpersona`),
  KEY `idpersonaprimerasesor` (`idpersonaprimerasesor`),
  KEY `idsegundoasesor` (`idsegundoasesor`),
  KEY `idediciondemaestria` (`idediciondemaestria`),
  CONSTRAINT `estudiantedemaestria_fk` FOREIGN KEY (`iddefensadetesis`) REFERENCES `defensadetesis` (`id`) ON UPDATE CASCADE,
  CONSTRAINT `estudiantedemaestria_fk1` FOREIGN KEY (`idpersona`) REFERENCES `persona` (`id`) ON UPDATE CASCADE,
  CONSTRAINT `estudiantedemaestria_fk2` FOREIGN KEY (`idpersonaprimerasesor`) REFERENCES `persona` (`id`) ON UPDATE CASCADE,
  CONSTRAINT `estudiantedemaestria_fk3` FOREIGN KEY (`idsegundoasesor`) REFERENCES `persona` (`id`) ON UPDATE CASCADE,
  CONSTRAINT `estudiantedemaestria_fk4` FOREIGN KEY (`idediciondemaestria`) REFERENCES `ediciondemaestria` (`id`) ON UPDATE CASCADE
) ENGINE=InnoDB AUTO_INCREMENT=202 DEFAULT CHARSET=latin1;

#
# Structure for the `defensadetesis` table : 
#

CREATE TABLE `defensadetesis` (
  `id` int(11) NOT NULL AUTO_INCREMENT,
  `fechadedefensa` datetime DEFAULT NULL,
  `idestudinate` int(11) DEFAULT NULL,
  `idtesis` int(11) DEFAULT NULL,
  `idoponente` int(11) DEFAULT NULL,
  `idjefetribunal` int(11) DEFAULT NULL,
  `idvocaltribunal` int(11) DEFAULT NULL,
  `idmiembrotribunal` int(11) DEFAULT NULL,
  `evaluacion` varchar(255) DEFAULT NULL,
  PRIMARY KEY (`id`),
  UNIQUE KEY `id` (`id`),
  KEY `idtesis` (`idtesis`),
  KEY `idjefetribunal` (`idjefetribunal`),
  KEY `idoponente` (`idoponente`),
  KEY `idmiembrotribunal` (`idmiembrotribunal`),
  KEY `defensadetesis_fk3` (`idvocaltribunal`),
  KEY `idestudinate` (`idestudinate`),
  CONSTRAINT `defensadetesis_fk` FOREIGN KEY (`idtesis`) REFERENCES `tesis` (`id`) ON UPDATE CASCADE,
  CONSTRAINT `defensadetesis_fk1` FOREIGN KEY (`idjefetribunal`) REFERENCES `persona` (`id`) ON UPDATE CASCADE,
  CONSTRAINT `defensadetesis_fk2` FOREIGN KEY (`idoponente`) REFERENCES `persona` (`id`) ON UPDATE CASCADE,
  CONSTRAINT `defensadetesis_fk3` FOREIGN KEY (`idvocaltribunal`) REFERENCES `persona` (`id`) ON UPDATE CASCADE,
  CONSTRAINT `defensadetesis_fk4` FOREIGN KEY (`idmiembrotribunal`) REFERENCES `persona` (`id`) ON UPDATE CASCADE,
  CONSTRAINT `defensadetesis_fk5` FOREIGN KEY (`idestudinate`) REFERENCES `estudiantedemaestria` (`id`) ON UPDATE CASCADE
) ENGINE=InnoDB AUTO_INCREMENT=44 DEFAULT CHARSET=latin1;

#
# Structure for the `estudianteevaluadoenasignaturademaestria` table : 
#

CREATE TABLE `estudianteevaluadoenasignaturademaestria` (
  `id` int(11) NOT NULL AUTO_INCREMENT,
  `nota` char(1) NOT NULL,
  `idasignaturademaestriaimpartida` int(11) DEFAULT NULL,
  `idestudiantedemaestria` int(11) DEFAULT NULL,
  PRIMARY KEY (`id`),
  UNIQUE KEY `id` (`id`),
  KEY `idasignaturademaestriaimpartida` (`idasignaturademaestriaimpartida`),
  KEY `idestudiantedemaestria` (`idestudiantedemaestria`),
  CONSTRAINT `estudianteevaluadoenasignaturademaestria_fk` FOREIGN KEY (`idasignaturademaestriaimpartida`) REFERENCES `asignaturamaestriaimpartida` (`id`) ON UPDATE CASCADE,
  CONSTRAINT `estudianteevaluadoenasignaturademaestria_fk1` FOREIGN KEY (`idestudiantedemaestria`) REFERENCES `estudiantedemaestria` (`id`) ON UPDATE CASCADE
) ENGINE=InnoDB AUTO_INCREMENT=404 DEFAULT CHARSET=latin1;

#
# Structure for the `evento` table : 
#

CREATE TABLE `evento` (
  `id` int(11) NOT NULL AUTO_INCREMENT,
  `titulo` varchar(255) CHARACTER SET utf8 NOT NULL,
  `nombredeevento` varchar(255) CHARACTER SET utf8 NOT NULL,
  `tipo` varchar(255) CHARACTER SET utf8 NOT NULL,
  `ano` varchar(255) CHARACTER SET utf8 NOT NULL,
  `pais` varchar(255) CHARACTER SET utf8 NOT NULL,
  `ciudad` varchar(255) CHARACTER SET utf8 NOT NULL,
  `uniquekey` varchar(255) CHARACTER SET utf8 DEFAULT NULL,
  PRIMARY KEY (`id`),
  UNIQUE KEY `pk__evento__3214ec07e0a1b1bf` (`id`)
) ENGINE=InnoDB AUTO_INCREMENT=689 DEFAULT CHARSET=latin1;

#
# Structure for the `gradocientificootorgado` table : 
#

CREATE TABLE `gradocientificootorgado` (
  `id` int(11) NOT NULL AUTO_INCREMENT,
  `fecha` datetime DEFAULT NULL,
  `gradocientifico` varchar(255) CHARACTER SET utf8 NOT NULL,
  `idpersona` int(11) DEFAULT NULL,
  PRIMARY KEY (`id`),
  UNIQUE KEY `pk__gradocie__3214ec078dde16f7` (`id`),
  KEY `fkfc4c19cedb3a85ff` (`idpersona`),
  CONSTRAINT `fkfc4c19cedb3a85ff` FOREIGN KEY (`idpersona`) REFERENCES `persona` (`id`)
) ENGINE=InnoDB AUTO_INCREMENT=71 DEFAULT CHARSET=latin1;

#
# Structure for the `personaencursopostgrado` table : 
#

CREATE TABLE `personaencursopostgrado` (
  `id` int(11) NOT NULL AUTO_INCREMENT,
  `nota` char(1) CHARACTER SET utf8 NOT NULL,
  `idpersona` int(11) DEFAULT NULL,
  `idcurso` int(11) DEFAULT NULL,
  `idpersonaencursopostgrado` int(11) DEFAULT NULL,
  PRIMARY KEY (`id`),
  UNIQUE KEY `pk__personae__3214ec07aaa76d0f` (`id`),
  KEY `fkf497b16564a3fa09` (`idpersonaencursopostgrado`),
  KEY `fkf497b165c82cadef` (`idcurso`),
  KEY `fkf497b165db3a85ff` (`idpersona`),
  CONSTRAINT `fkf497b16564a3fa09` FOREIGN KEY (`idpersonaencursopostgrado`) REFERENCES `cursopostgrado` (`id`),
  CONSTRAINT `fkf497b165c82cadef` FOREIGN KEY (`idcurso`) REFERENCES `cursopostgrado` (`id`),
  CONSTRAINT `fkf497b165db3a85ff` FOREIGN KEY (`idpersona`) REFERENCES `persona` (`id`)
) ENGINE=InnoDB AUTO_INCREMENT=1378 DEFAULT CHARSET=latin1;

#
# Structure for the `personaestribunaldetesis` table : 
#

CREATE TABLE `personaestribunaldetesis` (
  `id` int(11) NOT NULL AUTO_INCREMENT,
  `idpersona` int(11) DEFAULT NULL,
  `iddefensadetesis` int(11) DEFAULT NULL,
  PRIMARY KEY (`id`),
  KEY `idpersona` (`idpersona`),
  KEY `iddefensadetesis` (`iddefensadetesis`),
  CONSTRAINT `personaestribunaldetesis_fk` FOREIGN KEY (`idpersona`) REFERENCES `persona` (`id`) ON UPDATE CASCADE,
  CONSTRAINT `personaestribunaldetesis_fk1` FOREIGN KEY (`iddefensadetesis`) REFERENCES `defensadetesis` (`id`) ON UPDATE CASCADE
) ENGINE=InnoDB DEFAULT CHARSET=latin1;

#
# Structure for the `premio` table : 
#

CREATE TABLE `premio` (
  `id` int(11) NOT NULL AUTO_INCREMENT,
  `titulo` varchar(255) CHARACTER SET utf8 NOT NULL,
  `institucion` varchar(255) CHARACTER SET utf8 NOT NULL,
  `tipo` varchar(255) CHARACTER SET utf8 DEFAULT NULL,
  `ano` int(11) DEFAULT NULL,
  `pais` varchar(255) CHARACTER SET utf8 DEFAULT NULL,
  `uniquekey` varchar(255) CHARACTER SET utf8 DEFAULT NULL,
  PRIMARY KEY (`id`),
  UNIQUE KEY `pk__premio__3214ec076595fb9a` (`id`)
) ENGINE=InnoDB AUTO_INCREMENT=92 DEFAULT CHARSET=latin1;

#
# Structure for the `profesordeedicion` table : 
#

CREATE TABLE `profesordeedicion` (
  `id` int(11) NOT NULL AUTO_INCREMENT,
  `idedicion` int(11) DEFAULT NULL,
  `idprofesor` int(11) DEFAULT NULL,
  `relacion` int(11) DEFAULT NULL,
  `location` int(11) DEFAULT NULL,
  PRIMARY KEY (`id`),
  UNIQUE KEY `pk__profesor__3214ec071004e2bb` (`id`),
  KEY `fk5878fd8261a1ed42` (`idedicion`),
  KEY `fk5878fd82d5e640cc` (`idprofesor`),
  CONSTRAINT `fk5878fd8261a1ed42` FOREIGN KEY (`idedicion`) REFERENCES `ediciondemaestria` (`id`),
  CONSTRAINT `fk5878fd82d5e640cc` FOREIGN KEY (`idprofesor`) REFERENCES `persona` (`id`)
) ENGINE=InnoDB AUTO_INCREMENT=90 DEFAULT CHARSET=latin1;

#
# Structure for the `relpersonaarticulo` table : 
#

CREATE TABLE `relpersonaarticulo` (
  `id` int(11) NOT NULL AUTO_INCREMENT,
  `idarticulo` int(11) DEFAULT NULL,
  `idautor` int(11) DEFAULT NULL,
  PRIMARY KEY (`id`),
  UNIQUE KEY `pk__relperso__3214ec07e49704c3` (`id`),
  KEY `fka2d0983c2085b1a5` (`idautor`),
  KEY `fka2d0983c29abba35` (`idarticulo`),
  CONSTRAINT `fka2d0983c2085b1a5` FOREIGN KEY (`idautor`) REFERENCES `persona` (`id`),
  CONSTRAINT `fka2d0983c29abba35` FOREIGN KEY (`idarticulo`) REFERENCES `articulo` (`id`)
) ENGINE=InnoDB AUTO_INCREMENT=900 DEFAULT CHARSET=latin1;

#
# Structure for the `relpersonaevento` table : 
#

CREATE TABLE `relpersonaevento` (
  `id` int(11) NOT NULL AUTO_INCREMENT,
  `idpersona` int(11) DEFAULT NULL,
  `idevento` int(11) DEFAULT NULL,
  PRIMARY KEY (`id`),
  UNIQUE KEY `pk__relperso__3214ec07461430b2` (`id`),
  KEY `fkd8b2d52e424c19f` (`idevento`),
  KEY `fkd8b2d52edb3a85ff` (`idpersona`),
  CONSTRAINT `fkd8b2d52e424c19f` FOREIGN KEY (`idevento`) REFERENCES `evento` (`id`),
  CONSTRAINT `fkd8b2d52edb3a85ff` FOREIGN KEY (`idpersona`) REFERENCES `persona` (`id`)
) ENGINE=InnoDB AUTO_INCREMENT=1262 DEFAULT CHARSET=latin1;

#
# Structure for the `relpersonapremio` table : 
#

CREATE TABLE `relpersonapremio` (
  `id` int(11) NOT NULL AUTO_INCREMENT,
  `idpersona` int(11) DEFAULT NULL,
  `idpremio` int(11) DEFAULT NULL,
  PRIMARY KEY (`id`),
  UNIQUE KEY `pk__relperso__3214ec071b5c03d4` (`id`),
  KEY `fk9fb74f765e632011` (`idpremio`),
  KEY `fk9fb74f76db3a85ff` (`idpersona`),
  CONSTRAINT `fk9fb74f765e632011` FOREIGN KEY (`idpremio`) REFERENCES `premio` (`id`),
  CONSTRAINT `fk9fb74f76db3a85ff` FOREIGN KEY (`idpersona`) REFERENCES `persona` (`id`)
) ENGINE=InnoDB AUTO_INCREMENT=404 DEFAULT CHARSET=latin1;

#
# Structure for the `relpersonatesis` table : 
#

CREATE TABLE `relpersonatesis` (
  `id` int(11) NOT NULL AUTO_INCREMENT,
  `relationtype` varchar(255) CHARACTER SET utf8 NOT NULL,
  `idpersona` int(11) DEFAULT NULL,
  `idtesis` int(11) DEFAULT NULL,
  PRIMARY KEY (`id`),
  UNIQUE KEY `pk__relperso__3214ec07a0d1d525` (`id`),
  KEY `fk98ed34d2c372b599` (`idtesis`),
  KEY `fk98ed34d2db3a85ff` (`idpersona`),
  CONSTRAINT `fk98ed34d2c372b599` FOREIGN KEY (`idtesis`) REFERENCES `tesis` (`id`),
  CONSTRAINT `fk98ed34d2db3a85ff` FOREIGN KEY (`idpersona`) REFERENCES `persona` (`id`)
) ENGINE=InnoDB DEFAULT CHARSET=latin1;

#
# Structure for the `roles` table : 
#

CREATE TABLE `roles` (
  `id` int(11) NOT NULL AUTO_INCREMENT,
  `rolename` varchar(255) CHARACTER SET utf8 DEFAULT NULL,
  `applicationname` varchar(255) CHARACTER SET utf8 DEFAULT NULL,
  PRIMARY KEY (`id`),
  UNIQUE KEY `pk__roles__3214ec07ffa67c19` (`id`)
) ENGINE=InnoDB DEFAULT CHARSET=latin1;

#
# Structure for the `usersinroles` table : 
#

CREATE TABLE `usersinroles` (
  `roles_id` int(11) NOT NULL,
  `users_id` int(11) NOT NULL
) ENGINE=InnoDB DEFAULT CHARSET=latin1;

#
# Structure for the `usuario` table : 
#

CREATE TABLE `usuario` (
  `id` int(11) NOT NULL AUTO_INCREMENT,
  `username` varchar(255) DEFAULT NULL,
  `applicationname` varchar(255) DEFAULT NULL,
  `email` varchar(255) DEFAULT NULL,
  `comment` varchar(255) DEFAULT NULL,
  `pass` varchar(255) DEFAULT NULL,
  `passwordquestion` varchar(255) DEFAULT NULL,
  `passwordanswer` varchar(255) DEFAULT NULL,
  `isapproved` tinyint(4) DEFAULT NULL,
  `lastactivitydate` datetime DEFAULT NULL,
  `lastlogindate` datetime DEFAULT NULL,
  `lastpasswordchangeddate` datetime DEFAULT NULL,
  `creationdate` datetime DEFAULT NULL,
  `isonline` tinyint(4) DEFAULT NULL,
  `islockedout` tinyint(4) DEFAULT NULL,
  `lastlockedoutdate` datetime DEFAULT NULL,
  `failedpasswordattemptcount` int(11) DEFAULT NULL,
  `failedpasswordanswerattemptcount` int(11) DEFAULT NULL,
  `failedpasswordattemptwindowstart` datetime DEFAULT NULL,
  `failedpasswordanswerattemptwindowstart` datetime DEFAULT NULL,
  `auth_key` varchar(20) DEFAULT NULL,
  `created_at` date DEFAULT NULL,
  `update_at` date DEFAULT NULL,
  `status` varchar(20) DEFAULT NULL,
  PRIMARY KEY (`id`),
  UNIQUE KEY `id` (`id`)
) ENGINE=InnoDB AUTO_INCREMENT=2 DEFAULT CHARSET=latin1;

#
# Data for the `articulo` table  (LIMIT 0,500)
#

INSERT INTO `articulo` (`id`, `titulo`, `revista`, `basededatos`, `grupo`, `issn`, `volumen`, `paginas`, `doi`, `ano`, `uniquekey`, `numero`) VALUES 
  (1,'acercamiento a un modelo de recuperación de información geográfica basado en técnicas de exploración y descripción semántica de datos geoespaciales','ceur-ws series. proc. of 1st cuban workshop on semantic web 2014 (tcws 2014).','revistas extranjeras arbitradas','grupo 4','1613-0073','1219','72-86','',2014,'simon2014aau',NULL),
  (3,'propuesta de aplicación de un sistema de infraestructura de clave pública (public key infrastructure \"pki\") y los certificados digitales en la trazabilidad de productos agrícolas','revista ciencias técnicas agropecuarias','revistas nacionales certificadas por citma','grupo 4','1010-2760','18','75-78','',2009,'sepulveda2009pda',NULL),
  (5,'solving the truck and trailer routing problem with fuzzy constraints','international journal of computational intelligence systems','web of science (thomson-reuters)','grupo 1','1875-6883','8','713-724','',2015,'torres2015stt',NULL),
  (7,'búsqueda local proactiva basada en fdc','dyna','web of science (thomson-reuters)','grupo 1','0012-7353','81','206-213','',2014,'moreno2014blp',NULL),
  (9,'problemas de optimización decepcionantes dinámicos,  experimentación con metaheurísticas','revista cubana de ciencias informáticas','scielo','grupo 2','2227-1899','9','98-109','',2015,'fajardo2015pdo',NULL),
  (11,'especificación formal de un modelo de detección de intrusos basado en la teoría sistemas multi-agentes','desarrollo de grandes aplicaciones de red','revistas extranjeras arbitradas','grupo 4','1889-7819','vii jornadas, jdare 2010','39-61','',2010,'lau2010efd',NULL),
  (13,'finding the best diversity generation procedures for mining contrast patterns','expert systems with applications','web of science (thomson-reuters)','grupo 1','0957-4174','','','doi:10.1016/j.eswa.2015.02.028',2015,'garcia2015ftb',NULL),
  (15,'implementación del algoritmo trace alignment empleando técnicas de programación paralela','revista digital lámpsakos','doaj','grupo 3','2145-4086','2016','14-24','',2016,'fulgueira2016ida',NULL),
  (17,'diseño de un sistema para la generación de entradas de autoridad desde la perspectiva de los datos enlazados','proc. of 1st cuban workshop on semantic web 2014 (tcws 2014)','revistas extranjeras arbitradas','grupo 4','1613-0073','1219','31-38','',2014,'fernandez2014ddu',NULL),
  (19,'gpu based rendering of matural atmowpheric phenomena','applied mechanics and materials','scopus','grupo 1','','121','857-861','',2011,'diago2011gbr',NULL),
  (21,'etapa de postmining en fuzzypred','revista nacional de ingeniería y arquitectura','revistas nacionales certificadas por citma','grupo 4','2307-471x','3','16-nov','',2013,'lapeira2013edp',NULL),
  (23,'using opencyc and domain ontologies for ontology learning from concept maps','advances in intelligent systems research','revistas extranjeras arbitradas','grupo 4','1951-6851','51','315-321','',2013,'simon2013uoa',NULL),
  (25,'capacidad de orquestación de servicios web en las herramientas mule esb y oracle service bus','lámpsakos','periódica','grupo 3','2145-4086','julio-diciembre','40-50','',2015,'castro2015cdo',NULL),
  (27,'semantic enhancement of learning object repositories','advances in intelligent systems research','revistas extranjeras arbitradas','grupo 4','1951-6851','','','doi:10.2991/.2013.38',2013,'fernandez2013seo',NULL),
  (29,'examination of a correction method to shadows in the face image for iyashi expression recognition systems','the journal of the insitute of image electronics engineers of japan','scopus','grupo 1','','41','28-36','',2012,'diago2012eoa',NULL),
  (31,'using short-range interactions and simulated genetic strategy to improve the protein contact map prediction','lecture notes in computer science','scopus','grupo 1','0302-9743','7329','166-175','',2012,'garcia2012usi',NULL),
  (33,'mfuzzypred:  algoritmo  multi-objetivo  para  extraer  predicados','revista cubana de ciencias informáticas','scielo','grupo 2','2227-1899','9','61-75','',2015,'ceruto2015mam',NULL),
  (35,'aplicación de algoritmos metaheurísticos en la integración de modelos de minería de datos','desarrollo de grandes aplicaciones de red','revistas extranjeras arbitradas','grupo 4','978-84-613-4894-7','','213-224','',2010,'martín2010ada',NULL),
  (39,'obtención de predicados difusos a partir de datos utilizando metaheurísticas','revista internacional de investigación de operaciones (riio)','revistas extranjeras arbitradas','grupo 4','1863-8627','','','',2011,'ceruto2011odp',NULL),
  (41,'efficient use of pivots for approximate search in metric spaces','computación y sistemas','web of science (thomson-reuters)','grupo 1','1405-5546','17','17','',2013,'socorro2013euo',NULL),
  (43,'nicgar: a niching genetic algorithm to mine a diverse set of interesting quantitative association rules','information sciences','web of science (thomson-reuters)','grupo 1','0020-0255','','','doi:10.1016/j.ins.2016.03.039',2016,'martín2016nan',NULL),
  (45,'an empirical study of oversampling and undersampling methods for lcmine an emerging pattern based classifier','lecture notes in computer science','scopus','grupo 1','0302-9743','7914','264-273','',2013,'garcia2013aes',NULL),
  (49,'process for unattended execution of test components','polibits','scielo','grupo 2','1870-9044','issue 49','pp','',2014,'torres2014pfu',NULL),
  (51,'jbiowh: an open-source java framework for bioinformatics data integration','database the journal of biological databases and curation','web of science (thomson-reuters)','grupo 1','1758-0463','','','doi:10.1093/database/bat051',2013,'perez2013jao',NULL),
  (53,'comparing quality measures for contrast pattern classifiers','lecture notes in computer science','scopus','grupo 1','0302-9743','8258','311-318','10.1007/978-3-642-41822-8_39',2014,'garcia2014cqm',NULL),
  (55,'generador de valores de casos de prueba funcionales','revista lámpsakos','revistas extranjeras arbitradas','grupo 4','2145-4086','','51-58','2145-4086',2016,'delgado2016gdv',NULL),
  (57,'transformación del q-learning para el aprendizaje en agentes jade','lámpsakos','doaj','grupo 3','2145-4086','julio-diciembre','25-32','',2015,'cepero2015tdq',NULL),
  (59,'improving fingerprint verification using minutiae triplets','sensors','web of science (thomson-reuters)','grupo 1','1424-8220','12','3418-37','doi:10.3390/s120303418',2012,'garcia2012ifv',NULL),
  (61,'a generic approach to connector architectures part i: the general framework','fundamenta informaticae','scopus','grupo 1','0169-2968','99','63-93','',2010,'perez2010aga',NULL),
  (63,'modelos de requisitos basados en i* para detectar proactividad en dashboards','lampsakos','doaj','grupo 3','2145-4086','12','101-109','',2014,'perez2014mdr',NULL),
  (67,'integración de técnicas browsing con ontologías en un modelo de recuperación de información geográfica','ciencias de la información','scielo','grupo 2','0864-4659','46','53 - 61','',2015,'simon2015idt',NULL),
  (69,'predicción de resultados académicos de estudiantes de informática mediante el uso de redes neuronales','ingeniare. revista chilena de ingeniería','scopus','grupo 1','0718-3305','24','en línea','',2016,'perez2016pdr',NULL),
  (71,'algoritmo multigenerador de soluciones, para la competencia y colaboración de generadores metaheurísticos','revista internacional de investigación de operaciones (riio)','revistas extranjeras arbitradas','grupo 4','2145-9517','1','6','',2011,'fajardo2011amd',NULL),
  (75,'propuesta de sistema de actividades presenciales y no presenciales en la modalidad semipresencial','revista iberoamericana de educación en tecnología y tecnología en educación','doaj','grupo 3','1850-9959','2','41-47','',2015,'ansola2015pds',NULL),
  (77,'real-time 3d reconstruction of wood logs in a production line','recent patents on computer science','scopus','grupo 1','','8','49-57','',2015,'diago2015r3r',NULL),
  (79,'análisis semántico en mapas conceptuales usando ontologías de dominio','ciencias de la información','scielo','grupo 2','0864-4659','45','19 - 24','',2014,'hojas2014ase',NULL),
  (81,'quality measures for fuzzy predicates in conjunctive and disjunctive normal form','revista ingeniería e investigación','web of science (thomson-reuters)','grupo 1','2248-8723','34','10-may','',2014,'ceruto2014qmf',NULL),
  (85,'introducing an experimental framework in c# for fingerprint recognition','lecture notes in computer science','scopus','grupo 1','0302-9743','8495','131-141','',2014,'garcia2014iae',NULL),
  (89,'models and solutions for truck and trailer routing problems: an overview','international journal of applied metaheuristic computing','inspec','grupo 2','1947-8283','4','31-43','doi: 10.4018/jamc.2013040103',2013,'torres2013mas',NULL),
  (91,'a generic approach to connector architectures part ii: instantiation to petri nets and csp','fundamenta informaticae','scopus','grupo 1','0169-2968','99','95 - 124','',2010,'perez2010aga',NULL),
  (93,'improved exemplar-based image inpainting with reduced search space computation from wavelet decomposition','the journal of the insitute of image electronics engineers of japan','scopus','grupo 1','','40','428-38','',2011,'diago2011iei',NULL),
  (95,'fuzzy emerging patterns for classifying hard domains','knowl. inf. syst','web of science (thomson-reuters)','grupo 1','0219-1377','28','473-89','10.1007/s10115-010-0324-x',2011,'garcia2011fep',NULL),
  (97,'algoritmos metaheurísticos en el problema del particionado hardware/software de sistemas','revista iberoamericana de inteligencia artificial','scopus','grupo 1','1988-3064','16','13-jan','',2013,'diaz2013ame',NULL),
  (99,'mining patterns for clustering using unsupervised decision trees','intelligent data analysis','web of science (thomson-reuters)','grupo 1','1088-467x','19','jan-37','',2014,'garcia2014mpf',NULL),
  (103,'partición hardware software de un codificador jpeg utilizando escalador de colinas estocástico','revista cubana de ciencias informáticas','scielo','grupo 2','2227-1899','9','94-108','',2015,'diaz2015phs',NULL),
  (105,'generación de combinaciones de valores de pruebas utilizando meteheurísticas','ingeniería industrial','scielo','grupo 2','1815-5936','xxxvi','no definido todavía','',2016,'fernández2016gdc',NULL),
  (109,'recuperación de conceptos similares de un corpus de mapas conceptuales','ciencias de la información','scielo','grupo 2','0864-4659','45','37 - 44','',2014,'de2014rdc',NULL),
  (111,'ontology-based dynamic building of relational data views','advances in intelligent systems research','revistas extranjeras arbitradas','grupo 4','1951-6851','','','doi:10.2991/.2013.46',2013,'fernandez2013odb',NULL),
  (113,'mesh segmentation using the platonic solids','journal of the japan society for simulation technology','scopus','grupo 1','','3','10-jan','',2011,'diago2011msu',NULL),
  (115,'interactive image segmentation by polygonal representation','the journal of the insitute of image electronics engineers of japan','scopus','grupo 1','','','223-234','',2012,'diago2012iis',NULL),
  (117,'goal-oriented dashboard?s requirements with i*: a case study','ingeniare. revista chilena de ingeniería','scopus','grupo 1','0718-3305','24','0','',2016,'perez2016gdr',NULL),
  (121,'a non-deterministic self-checking mechanism to enhance tamper-resistance in engineering education software','international journal of engineering education','web of science (thomson-reuters)','grupo 1','0949-149x','28','1393-1398','',2012,'nuñez2012ans',NULL),
  (123,'propuesta de una arquitectura para un sistema de detección de intrusos','desarrollo de grandes aplicaciones de red','revistas extranjeras arbitradas','grupo 4','1889-7819','vii jornadas, jdare 2010','141-154','',2010,'lau2010pdu',NULL),
  (125,'knowledge discovery by fuzzy predicates','studies in computational intelligence','scopus','grupo 1','1860-949x','537','187-196','',2014,'ceruto2014kdb',NULL),
  (127,'evaluación del desempeño de roles en el proceso de formación del ingeniero informático','revista cubana de ciencias informáticas','scielo','grupo 2','2227-1899','9','46-60','',2014,'lópez2014edd',NULL),
  (129,'identification of patterns for the formation of software development projects teams','international journal of human capital and information technology professionals','revistas extranjeras arbitradas','grupo 4','1947-3478','1','69-80','',2010,'andre2010iop',NULL),
  (133,'modelación tabular: una alternativa sugerente para el análisis de los datos','ciencias de la información','scielo','grupo 2','0864-4659','46','10-mar','',2015,'simon2015mtu',NULL),
  (135,'implementación del enfoque de reglas de negocio utilizando motores de reglas en el desarrollo de aplicaciones java','ciencias de la información','scielo','grupo 2','1606-4925','46','41 - 46','',2015,'garcía2015ide',NULL),
  (139,'arquitectura extensible para la protección automatizada de software: un caso de estudio','revista cubana de ciencias informáticas','scielo','grupo 2','2227-1899','9','19-34','',2015,'diaz2015aep',NULL),
  (141,'componentes de cifrado simétrico sobre microblaze basados en los estándares aes y gost','telemática','periódica','grupo 3','1729-3804','13','46-62','',2014,'diaz2014cdc',NULL),
  (145,'discovery of fuzzy predicates in database','advances in intelligent systems research','copendex','grupo 2','1951-6851','51','45-54','',2013,'ceruto2013dof',NULL),
  (147,'valoración del despliegue de una plataforma de agentes para la implementación de un  sistema de recomendación semántico','desarrollo de grandes aplicaciones de red','revistas extranjeras arbitradas','grupo 4','1889-7819','1','219','',2011,'moreno2011vdd',NULL),
  (151,'búsqueda de predicados difusos en una base de datos utilizando metaheurísticas','revista ingeniería industrial','scielo','grupo 2','1815-5936','35','74-84','',2014,'ceruto2014bdp',NULL),
  (153,'fuzzy constraints in the truck and trailer routing problem','advances in intelligent systems research','copendex','grupo 2','1951-6851','51','71-78','',2013,'torres2013fci',NULL),
  (155,'un observatorio tecnológico con un enfoque de inteligencia de negocios','ciencias de la información','copendex','grupo 2','0864-4659','45','18-nov','',2014,'perez2014uot',NULL),
  (157,'análisis comparativo de modelos y estándares para evaluar la calidad del producto de software','revista cubana de ingeniería','scielo','grupo 2','2223-1781','6','12','',2015,'gonzález2015acd',NULL),
  (159,'implementación de lenguajes de contrato electrónico en la herramienta oracle service bus','revista de ciencias informáticas','scielo','grupo 2','2227-1899','9','15','',2015,'flores2015idl',NULL),
  (161,'modelo de gestión de objetos digitales para la gestión de soluciones tecnológicas','ingenieria industrial','scielo','grupo 2','1815-5936','vol 34,','11','',2013,'delgado2013mdg',NULL),
  (163,'aplicación de un entorno para la gestión de requisitos en la producción de software en una universidad','revista de ingeniería industrial','scielo','grupo 2','1815-5936','x','pp','',2014,'delgado2014adu',NULL),
  (165,'line-based region growing image segmentation for mobile device applications','the journal of the insitute of image electronics engineers of japan','scopus','grupo 1','','41','18-jul','',2012,'diago2012lrg',NULL),
  (167,'mining patterns for clustering on numerical datasets using unsupervised decision trees','knowledge-based systems','web of science (thomson-reuters)','grupo 1','0950-7051','','','10.1016/j.knosys.2015.02.019',2015,'garcia2015mpf',NULL),
  (171,'lpidb v1.0 - latent palmprint identification database','proceedings of international joint conference on biometrics','scopus','grupo 1','','','42375','',2014,'garcia2014lv-',NULL),
  (173,'inducing decision trees based on a cluster quality index','revista ieee américa latina','web of science (thomson-reuters)','grupo 1','1548-0992','13','1141 - 1147','10.1109/tla.2015.7106368',2015,'garcia2015idt',NULL),
  (175,'un observatorio tecnológico proactivo a partir del modelado social','revista ciencias de la información','inspec','grupo 2','1606-4925','45','31-42','',2014,'moreno2014uot',NULL),
  (177,'diseño de un  sistema electrónico utilizando módulos xbee para transmitir voz','revista de ingeniería electrónica, automática y comunicaciones','scielo','grupo 2','1815-5928','xxxvi','40-52','',2015,NULL,NULL),
  (179,'cuda accelerated simulation of multiple scattering using decoupling approximation','journal of visualization','web of science (thomson-reuters)','grupo 1','','15','85-95','',2012,'diago2012cas',NULL),
  (181,'a multi-objective evolutionary algorithm for mining quantitative association rules','international conference on intelligent systems design and applications','scopus','grupo 1','2164-7143','1','1397-1402','',2011,'rosete2011ame',NULL),
  (183,'propuesta de utilización del razonamiento basado en casos para la recuperación de procedimientos de prueba funcionales','revista ingeniería e investigación, facultad de ingeniería, universidad nacional de colombia','scielo','grupo 2','0120-5609','vol 30','34-36','',2010,'delgado2010pdu',NULL),
  (185,'método para la extracción de información estructurada desde textos','revista cubana de ciencias informáticas','scielo','grupo 2','1994-1536','7','15-jan','',2013,'simon2013mpl',NULL),
  (187,'uso de estrategias de paralelización en algoritmos metaheurísticos para la conformación de equipos de software','revista cubana de ciencias informáticas','scielo','grupo 2','2227-1899','8','16-jan','',2014,'andre2014ude',NULL),
  (193,'configuración de  usuarios en git para  grupos de desarrollo en  entornos universitarios','revista san gregorio','latindex','grupo 4','1390-7247','1','84-89','',2015,'hernandez2015cdu',NULL),
  (197,'evaluación de un modelo matemático para apoyar toma de decisiones empresariales complejas','revista internacional administración & finanzas (riaf)','revistas extranjeras arbitradas','grupo 4','1933-608x','7','10-jan','',2013,'rosete2013edu',NULL),
  (199,'latent fingerprint identification using deformable minutiae clustering','neurocomputing','web of science (thomson-reuters)','grupo 1','0925-2312','','','10.1016/j.neucom.2015.05.130',2015,'garcia2015lfi',NULL),
  (201,'conformación de equipos de proyectos de software aplicando algoritmos metaheurísticos de trayectoria multiobjetivo','inteligencia artificial. revista iberoamericana de inteligencia artificial','scopus','grupo 1','1988-3064','17','16','',2014,'infante2014cde',NULL),
  (203,'desambiguación semántica no supervisada: implementación del algoritmo de lesk haciendo uso de wordnet','desarrollo de grandes aplicaciones de red','revistas extranjeras arbitradas','grupo 4','1889-7819','1','219','',2011,'fernandez2011dsn',NULL),
  (205,'aceleración del algoritmo ?alineamiento de trazas? empleando cuda','revista cubana de ingeniería','doaj','grupo 3','2223-1781','7','27-35','',2016,'fulgueira2016ada',NULL),
  (207,'adaptation schemes and dynamic optimization problems: a basic study on the adaptive hill climbing memetic algorithm','studies in computational intelligence','scopus','grupo 1','1860-949x','512','85-97','10.1007/978-3-319-01692-4_7',2013,'fajardo2013asa',NULL),
  (213,'formal model for assigning human resources to teams in software projects','information and software technology','web of science (thomson-reuters)','grupo 1','0950-5849','53','259-275','10.1016/j.insoft.2010.11.011',2011,'andre2011fmf',NULL),
  (217,'buenas prácticas sobre gestión de configuración en proyectos que utilicen mda','revista cubana de ingeniería','revistas nacionales certificadas por citma','grupo 4','2223-1781','3','43-49','',2012,'morejón2012bps',NULL),
  (219,'correlation of resampling methods for contrast pattern based classifiers','lecture notes in computer science','scopus','grupo 1','0302-9743','9116','93-102','',2015,'garcia2015cor',NULL),
  (221,'algorithm portfolio based scheme for dynamic optimization problems','international journal of computational intelligence systems','web of science (thomson-reuters)','grupo 1','1875-6891','8','667-689','10.1080/18756891.2015.1046327',2015,'fajardo2015apb',NULL),
  (223,'herramienta de soporte a un sistema de métricas e indicadores para la gestión de proyectos','revista cubana de ciencias informáticas','scielo','grupo 2','2227-1899','7','49-66','',2013,'montero2013hds',NULL),
  (225,'mining medical data to obtain fuzzy predicates','lecture notes in computer science','scopus','grupo 1','0302-9743','8649','103-177','',2014,'ceruto2014mmd',NULL),
  (227,'análisis de la calidad de las clases en la modalidad semipresencial en la universalización','revista cubana de ingeniería','doaj','grupo 3','2223-1781','iv','19-27','',2013,'hernandez2013adl',NULL),
  (229,'integración de modelos de agrupamiento y reglas de asociación obtenidos de múltiples fuentes de datos','computación y sistemas','scopus','grupo 1','1405-5546','16','175-190','',2012,'morales2012idm',NULL),
  (231,'incorporación de proactividad a los agentes en un observatorio tecnológico','lámpsakos','doaj','grupo 3','2145-4086','enero-junio','72-79','',2015,'hadfeg2015idp',NULL),
  (233,'un enfoque multiobjetivo para el problema de ruteo de camiones y remolques con restricciones difusas','revista cubana de ciencias informáticas','scielo','grupo 2','2227-1899','9','18-jan','',2015,'torres2015uem',NULL),
  (237,'robust fingerprint verification using m-triplets','proceedings of ichb 2011','scopus','grupo 1','','','5-jan','10.1109/ichb.2011.6094348',2011,'garcia2011rfv',NULL),
  (239,'an application of fuzzy logic for hardware/software partitioning on embedded systems','computación y sistemas','web of science (thomson-reuters)','grupo 1','1405-5546','17','30-40','',2013,'diaz2013aao',NULL),
  (241,'interactive genetic algorithm with fitness modeling for the development of a color simulation system based on customers preference','special issue on frontiers of computer-aided engineering of japan journal of industrial and applied mathematics','scopus','grupo 1','','3','27-42','',2011,'diago2011iga',NULL),
  (243,'improving the multiple alignments strategy for fingerprint verification','lecture notes in computer science','scopus','grupo 1','0302-9743','7329','147-154','',2012,'garcia2012itm',NULL),
  (245,'unit tests of software in a university environment','computación y sistemas','web of science (thomson-reuters)','grupo 1','1405-5546','17','15','',2013,'gómez2013uto',NULL),
  (247,'comparación de metaheurísticas para obtener predicados difusos: un caso curioso','revista cubana de ciencias informáticas','scielo','grupo 2','1994-1536','8','69-84','',2014,'ceruto2014cdm',NULL),
  (249,'business process modeling:  evolution of the concept in a university context','computación y sistemas','web of science (thomson-reuters)','grupo 1','1405-5546','17','79-93','',2013,'lopez2013bpm',NULL),
  (251,'modelo de integración de conocimiento descubierto mediante técnicas de minería de datos','desarrollo de grandes aplicaciones de red','revistas extranjeras arbitradas','grupo 4','1889-7819','','275-286','',2010,'wilford2010mdi',NULL),
  (253,'redes de autoverificación de integridad no deterministas para mejorar la resistencia ante la modificación de software','desarrollo de grandes aplicaciones de red','revistas extranjeras arbitradas','grupo 4','1889-7819','','61-74','',2010,'nuñez2010rda',NULL),
  (255,'un sistema de soporte a la decisión para la asignación de recursos humanos a equipos de proyectos de software','revista investigación operacional','revistas extranjeras arbitradas','grupo 4','0257-4306','31','61-69','',2010,'andre2010usd',NULL),
  (257,'implementación eficiente de la multiplicación modular de montgomery sobre hardware reconfigurable','revista electrónica, automática y comunicaciones','scielo','grupo 2','1815-5928','34','15-25','',2013,'diaz2013ied',NULL),
  (261,'tratamiento de información georreferenciada en el sistema de información docente de la educación superior en cuba','ciencias de la información','scielo','grupo 2','0864-4659','45','10-mar','',2014,'lopez2014tdi',NULL),
  (263,'optimización de la distribución de la flota de cabotaje en múltiples direcciones de transportación','revista ingeniería mecánica','scielo','grupo 2','1815-5944','9','17-25','',2016,'rosete2016odl',NULL),
  (265,'solución al problema de conformación de equipos de proyectos de software utilizando la biblioteca de clases biciam','revista cubana de ciencias informáticas','scielo','grupo 2','2227-1899','9','126-140','',2015,'infante2015sap',NULL),
  (267,'una mirada al análisis de redes de transporte en cuba desde el punto de vista de los datos','revista digital lámpsakos','doaj','grupo 3','2145-4086','edición 10','21-33','',2013,'sánchez2013uma',NULL),
  (269,'word sense disambiguation in information retrieval','intelligent information management,','revistas extranjeras arbitradas','grupo 4','2160-5920','1','122-127','10.4236/iim.2009.12018',2009,'lau2009wsd',NULL),
  (271,'discovering knowledge by fuzzy predicates in compensatory fuzzy logic using metaheuristic algorithms','studies in computational intelligence','scopus','grupo 1','1860-949x','537','161-174','',2014,'rosete2014dkb',NULL),
  (273,'qar-cip-nsga-ii: a new multi-objective evolutionary algorithm to mine quantitative association rules','information sciences','web of science (thomson-reuters)','grupo 1','0020-0255','2014','28-jan','http://dx.doi.org/10.1016/j.ins.2013.09.009',2013,'martín2013qan',NULL),
  (275,'a fast pivot-based indexing algorithm for metric spaces','pattern recognition letters','web of science (thomson-reuters)','grupo 1','0167-8655','32','1511-1516','doi:10.1016/j.patrec.2011.04.016',2011,'socorro2011afp',NULL),
  (279,'strategic it use through the adaptation and incorporation of business-it alignment models','proceedings of ice-b 2011 ? international conference on e-business','scopus','grupo 1','oooo-oooo','','','',2011,'lopez2011siu',NULL),
  (281,'minería de uso web aplicada a registros de navegación por internet','revista cubana de ingeniería','doaj','grupo 3','2223-1781','3','0','',2012,'rosete2012mdu',NULL),
  (285,'detecting pneumatic failures on temporary immersion bioreactors','lecture notes in computer sciences','scopus','grupo 1','0302-9743','','','10.1007/978-3-319-39393-3 29',2016,'garcia2016dpf',NULL),
  (287,'sistema para la generación automática de mapas de rendimiento. aplicación en la agricultura de precisión','idesia (chile)','scopus','grupo 1','0073-4675','29','59-69','',2011,'sepulveda2011spl',NULL),
  (291,'estimación de parámetros meteorológicos secundarios utilizando técnicas de minería de datos','revista cubana de ingeniería','latindex','grupo 4','2223-1781','1','61-65','',2010,'zerquera2010edp',NULL),
  (295,'an agent based implementation of proactive s-metaheuristics','lecture notes in computer science','scopus','grupo 1','0302-9743','8073','10-jan','',2013,'moreno2013aab',NULL),
  (299,'una propuesta para incorporar más semántica de los modelos al código generado.','polibits','scielo','grupo 2','1870-9044','1','4','',2014,'perez2014upp',NULL),
  (301,'apoyo a la toma de decisiones en un observatorio tecnológico incorporando proactividad','ingeniería industrial','scielo','grupo 2','1815-5936','34','293-306','',2013,'moreno2013aal',NULL),
  (307,'truck and trailer routing problem under fuzzy','advances in intelligent systems research','copendex','grupo 2','1951-6851','89','1189-1194','10.2991/ifsa-eusflat-15.2015.168',2015,'torres2015tat',NULL),
  (309,'sistema para la generación de mapas de rendimiento.','idesia (chile)','scopus','grupo 1','0718-3429','29','59-69','',2011,'sepulveda2011spl',NULL),
  (311,'an approach for asembly secuence planning based on max-min ant system','ieee latin america transactions','web of science (thomson-reuters)','grupo 1','1548-0992','13','907-912','',2015,'martinez2015aaf',NULL),
  (313,'gestión de investigaciones y soluciones informáticas','desarrollo de grandes aplicaciones de red','revistas extranjeras arbitradas','grupo 4','1889-7819','','303-318','',2010,'fernandez2010gdi',NULL),
  (315,'implementación del esquema de firma digital ecdsa sobre el procesador embebido microblaze','telemática','periódica','grupo 3','1729-3804','13','31-45','',2014,'diaz2014ide',NULL),
  (317,'sigenu-dss-lite sistema de apoyo para la toma de decisiones en un centro de educación superior','ciencias de la información','scielo','grupo 2','0864-4659','no definido','no definido','',2015,'wilford2015ssd',NULL),
  (319,'solución de inteligencia de negocio para métricas de gestión de proyectos','revista cubana de ciencias informáticas','scielo','grupo 2','2227-1899','9','85-97','',2015,'montero2015sdi',NULL),
  (323,'words polysemy analysis: implementation of the word sense disambiguation algorithm based on magnini domains','international journal of information science','revistas extranjeras arbitradas','grupo 4','2163-193x','2','12-aug','10.5923/j.ijis.20120203.01',2012,'fernandez2012wpa',NULL),
  (327,'servicios especializados de consultoría ti para alinear componentes de negocio y compontes ti en organizaciones manufactureras','desarrollo de grandes aplicaciones de red : vii jornadas, jdare 2010','revistas extranjeras arbitradas','grupo 4','1889-7819','','','',2009,'lopez2009sed',NULL),
  (329,'patrón de requisito basado en dependencias de plan en i* para detectar proactividad en sistemas informáticos','revista cubana de ingeniería','scielo','grupo 2','2223-1781','7','19-26','',2016,'perez2016pdr',NULL),
  (337,'analyzing facial expresions with fuzzy quantification theory ii - indefinite generalized eigenvalue problem','special issue on frontiers of computer-aided engineering of japan journal of industrial and applied mathematics','scopus','grupo 1','','3','153-170','',2011,'diago2011afe',NULL),
  (339,'representing mereotopological relations in owl ontologies with ontoparts','lecture notes in computer science','scopus','grupo 1','0302-9743','7295','240-254','',2012,'fernandez2012rmr',NULL),
  (341,'la clase encuentro en la modalidad semipresencial para las carreras de ingeniería informática e ingeniería industrial.','revista referencia pedagógica','revistas nacionales certificadas por citma','grupo 4','2308-3042','2','58-72','',2014,'hernandez2014lce',NULL),
  (345,'modelo de representación de textos basado en grafo para la minería de texto','ciencias de la información','scielo','grupo 2','0864-4659','46','63 - 71','',2015,'simon2015mdr',NULL),
  (347,'neuro-fuzzy quantification of personal perceptions of facial images based no a limited data set','ieee transactions on neural networks','web of science (thomson-reuters)','grupo 1','','22','2422-2434','',2011,'diago2011nqo',NULL),
  (349,'procedimiento para desarrollar soluciones de gestión de procesos de negocio con tecnologías de oracle','ciencias de la información','scielo','grupo 2','0864-4659','45','45-54','',2014,'lopez2014ppd',NULL),
  (351,'los cursos masivos en línea en coursera y su empleo potencial en los programas de ingeniería en américa latina','lámpsakos','doaj','grupo 3','2145-4086','julio-diciembre','61-70','',2015,'rosete2015lcm',NULL),
  (353,'consideraciones de diseño para una herramienta de análisis semántico.','revista de lingüística teórica y aplicada (rla)','scielo','grupo 2','0718-4883','49','51-68','10.4067/s0718-48832007000100001',2011,'fernandez2011cdd',NULL),
  (355,'sigenu-dss-lite:nuevas capacidades de integración de información docente en instituciones de educación superior en cuba','ciencias de la información','scielo','grupo 2','0864-4659','5','pendiente','',2015,'lopez2015scd',NULL),
  (357,'siscorfi:una aplicación web para el control de los recursos fitogenéticos','cultivos tropicales','scielo','grupo 2','1819-4087','34','6','',2013,'infante2013saw',NULL),
  (359,'lpidb v1.0 - latent palmprint identification database','proceedings of the ieee international joint conference on biometrics (ijcb)','scopus','grupo 1','','','','10.1109/btas.2014.6996268',2015,'garcia2015lv-',NULL),
  (361,'formación de roles y buenas prácticas en el trabajo por la calidad de un ingeniero informático','ingeniare','scopus','grupo 1','0718-3291','19','382-395','',2011,'lópez2011fdr',NULL),
  (375,'applying pareto meta-analysis in location selection for photovoltaic plant','advances in intelligent systems research','copendex','grupo 2','1951-6851','51','218-224','',2013,'morales2013apm',NULL),
  (377,'a regularity-based preprocessing method for collaborative recommender systems','journal of information processing systems','scopus','grupo 1','1976-913x','9','435-460','10.3745/jips.2013.9.3.435',2013,'garcia2013arp',NULL),
  (379,'aplicación del modelo mgrsoft en la reutilización de revisiones a requsitos de software','revista industrial de la univiversidad de bio bio en chile','scielo','grupo 2','0717-9103','9','17-18','',2010,'delgado2010adm',NULL),
  (383,'propuesta de actividades de pruebas para ingenias','revista cubana de ingeniería','doaj','grupo 3','2223-1781','3','47-56','',2012,'moreno2012pda',NULL),
  (385,'capacidad de orquestación de servicios web en las herramientas mule esb y oracle service bus','revista digital lámpsakos','latindex','grupo 4','2145-4086','14','40-50','',2015,'flores2015cdo',NULL),
  (387,'técnicas para el tratamiento de restricciones en el problema de conformación de equipos de proyectos de software','revista cubana de ciencias informáticas','scielo','grupo 2','2227-1899','9','110-125','',2015,'escaleras2015tpe',NULL),
  (391,'proceso de gestión de recursos humanos en un ámbito universitario','revista de ingeniería industrial','scielo','grupo 2','1815-5936','36','188-199','',2015,'hernandez2015pdg',NULL),
  (393,'roceso de pruebas para productos de software en un laboratorio de calidad','revista de ingeniería industrial','scielo','grupo 2','1815-5936','x','pp','',2014,'jústiz2014rdp',NULL),
  (395,'a new multi-objective evolutionary algorithm for mining a reduced set of interesting positive and negative quantitative association rules','ieee transaction on evolutionary computation','web of science (thomson-reuters)','grupo 1','1089-778x','18','54-69','10.1109/tevc.2013.2285016',2013,'martín2013anm',NULL),
  (397,'modelando con uml el proceso de evaluación de productos de software utilizando el enfoque gqm','rcci','scielo','grupo 2','2227-1899','9','76-84','',2015,'hernandez2015mcu',NULL),
  (401,'modelo clustering para el análisis en la ejecución de procesos de negocio','investigación operacional','scopus','grupo 1','0257-4306','33','210-221','',2012,'pérez2012mcp',NULL),
  (407,'descubrimiento de modelos procesos aplicando los algoritmos escalador de colinas y estrategia evolutiva','ciencias de la información','scielo','grupo 2','0864-4659','4','23','',2014,'jaime2014ddm',NULL),
  (409,'process mining through artificial neural networks and support vector machines: a systematic literature review','business process management journal','scopus','grupo 1','1463-7154','21','pendiente','',2015,'lopez2015pmt',NULL),
  (411,'patrones de implementación para incluir comportamientos proactivos','polibits','scielo','grupo 2','1870-9044','january-june 2013','73-87','',2013,'moreno2013pdi',NULL),
  (413,'a novel solution to the secure exchange of environmental engineering education data','the international journal of engineering education','web of science (thomson-reuters)','grupo 1','0949-149x','28','1380-1387','',2012,'sepulveda2012ans',NULL),
  (415,'experiencia en la ejecución de pruebas automáticas  en segurmática','revista cubana de ciencias informáticas','revistas nacionales certificadas por citma','grupo 4','1994-1536','7','34-41','',2013,'torres2013eel',NULL),
  (423,'implementación de los esquemas de firma digital rsa y ecdsa sobre hardware reconfigurable','desarrollo de grandes aplicaciones de red','revistas extranjeras arbitradas','grupo 4','1889-7819','','340-352','',2010,'nuñez2010idl',NULL),
  (425,'a review of the autonomic computing models and applications','international journal of computer applications (0975 ? 8887)','revistas extranjeras arbitradas','grupo 4','0975-8887','94','14-18','10.512',2014,'zambrano2014aro',NULL),
  (427,'nuevos plugins para la herramienta knime para el uso de sus flujos de trabajo desde otras aplicaciones','ciencias de la información','inspec','grupo 2','0864-4659','46','47 - 52','',2015,'ceruto2015npp',NULL),
  (433,'proactive selection of metaheuristics based on knowledge of previous results','advances in intelligent systems research','copendex','grupo 2','1951-6851','51','111-119','',2013,'rosete2013pso',NULL),
  (435,'método general de descubrimiento de conocimiento utilizando lógica difusa y metaheurísticas','desarrollo de grandes aplicaciones de red','revistas extranjeras arbitradas','grupo 4','1889-7819','','243-255','',2010,'ceruto2010mgd',NULL),
  (437,'study of the impact of resampling methods for contrast pattern based classifiers in imbalanced databases','neurocomputing','web of science (thomson-reuters)','grupo 1','issn:0925-2312','','','10.1016/j.neucom.2015.04.120',2015,'garcia2015sot',NULL),
  (439,'an empirical comparison among quality  measures for pattern based classifiers','intelligent data analysis','web of science (thomson-reuters)','grupo 1','1088-467x','','','10.3233/ida-140705',2014,'garcia2014aec',NULL),
  (441,'requisitos de ingenias con un enfoque del modelado social e i*','revista cubana de ciencias informáticas','scielo','grupo 2','2227-1899','8','26-40','',2014,'hadfeg2014rdi',NULL),
  (443,'reducción del costo de transportación en las series nacionales de béisbol empleando metaheurísticas','revista ingeniería mecánica','scielo','grupo 2','1815-5944','16','257-171','',2013,'rosete2013rdc',NULL),
  (449,'interfaces inteligentes en el aprendizaje de la modelación','revista ingeniería industrial','scielo','grupo 2','1815-5936','xxxvi','17-jan','',2015,'garay2015iie',NULL),
  (500,'modelo para la gestión de revisiones a proyectos de software','modelo para la gestión de revisiones a proyectos de software(editorial académica española)','','libro','978-3-8473-5462-8','editorial académica española','','',2011,'delgado2011mpl',NULL),
  (501,'procesamiento computacional de mapas conceptuales','monografía en ','','monografía','978-959-261-438-3','','29','',2013,'hojas2013pcd',NULL),
  (502,'principales tipos de pruebas a productos de software','monografía en ','','monografía','isbn 978-959-261-460-4','','','',2015,'gonzález2015ptd',NULL),
  (534,'solving a multiobjective truck and trailer routing problem with fuzzy constraints','fuzzy logic in its 50th year. new developments, directions and challenge(springer international publishing switzerland)','','libro','978-3-319-31091-6','springer international publishing switzerland','237-255','',2016,'torres2016sam',NULL),
  (567,'visión integradora de las principales características de calidad para evaluar el producto de software','monografía en ','','monografía','isbn 978-959-261-460-4','','18','',2014,'gonzález2014vid',NULL),
  (675,'teoría y herramientas para el procesamiento de imágenes relevantes para la elaboración de retratos hablados','monografía en temas avanzados sobre ciencias y tecnologías informáticas','','monografía','978-959-261-438-3','','','',2013,'fernandez2013tyh',NULL),
  (677,'soft computing in the quality of service evaluation','exploring innovative and successful applications of soft computing 1(igi global)','','libro','9781466647855','igi global','','',2013,'morales2013sci',NULL),
  (678,'métricas para la predicción del comportamiento de los algoritmos metaheurísticos en problemas de optimización combinatoria','monografía en temas avanzados sobre ciencias y tecnologías informáticas','','monografía','978-959-261-438-3','','37','',2013,'paredes2013mpl',NULL),
  (679,'aplicación de los algoritmos metaheurísticos en el problema de la planificación de tareas','monografía en temas avanzados sobre ciencias y tecnologías informáticas','','monografía','978-959-261-438-3','','37','',2013,'paredes2013adl',NULL),
  (700,'modelo para sistemas de análisis de datos de ordenadores de a bordo','modelo para sistemas de análisis de datos de ordenadores de a bordo(editorial académica española, (eae))','','libro','978-3-8454-9686-3','editorial académica española, (eae)','','',2011,'sepulveda2011mps',NULL),
  (765,'estudio del arte de los componentes hardware disponibles en el mercado (2010-2011)','monografía en ','','monografía','978-959-261-438-3','','40','',2013,'henry2013eda',NULL),
  (789,'?infraestructura de clave pública. conceptos, estándares y protocolos?, temas avanzados sobre ciencias y tecnologías informáticas 2015','monografía en ','','monografía','978-959-261-479-6','','','',2015,'nuñez2015?dc',NULL),
  (879,'recomendaciones para la redacción y defensa del trabajo de diploma','monografía en ','','monografía','978-959-261-455-0','','29','',2014,'becerra2014rpl',NULL),
  (890,'esquemas de portafolio para la resolución de pods','contribuciones en soft computing1(universidad de granada)','','libro','978-84-695-8348-7','universidad de granada','81-104','',2014,'fajardo2014edp',NULL),
  (898,'extreme programming.(xp)','extreme programming.(xp)(editorial acadenica española. (eas))','','libro','978-384-6576-27-4','editorial acadenica española. (eas)','','',2011,'sepulveda2011ep',NULL),
  (901,'algoritmos metaheurísticos de trayectoria multiobjetivo para resolver problemas de asignación','monografía en temas avanzados sobre ciencias y tecnologías informáticas','','monografía','978-959-261-438-3','','','',2013,'infante2013amd',NULL),
  (902,'un nuevo algoritmo evolutivo multi-objetivo para la extracción de reglas de asociación cuantitativas positivas y negativas','contribuciones en soft computing(universidad de granada)','','libro','978-84-338-5672-2','universidad de granada','','',2014,'martín2014una',NULL),
  (903,'?métricas para evaluar el comportamiento de metaheurísticas multiobjetivo?, temas avanzados sobre ciencias y tecnologías informáticas 2015','monografía en ','','monografía','978-959-261-479-6','','','',2015,'infante2015?pe',NULL),
  (904,'aplicaciones que se emplean como cifradores de discos duros','boletín de criptografía teórica y aplicada','','','','1','','',2009,'andre2009aqs',NULL),
  (905,'educación superior en américa latina: refl exiones y perspectivas en informática','educación superior en américa latina: refl exiones y perspectivas en informática(publicaciones de la universidad de deusto)','','libro','978-84-9830-098-7','publicaciones de la universidad de deusto','','',2014,'sepulveda2014ese',NULL),
  (906,'el framework prom 6 y las técnicas para la detección de procesos','monografía en ','','monografía','978-959-261-438-3','','','',2013,'socorro2013efp',NULL),
  (907,'aprendizaje en problemas de optimización dinámicos: un anáálisis sobre el algoritmo ahma','actas de la xv conferencia de la asociación española para la inteligencia artificial, caepia 2013(ix congreso español de metaheurísticas, algoritmos evolutivos y bioinspirados)','','libro','978-84-695-8348-7','ix congreso español de metaheurísticas, algoritmos evolutivos y bioinspirados','673-682','',2013,'fajardo2013aep',NULL),
  (908,'servicios especializados de consultoría ti para alinear componentes de negocio y compontes ti en organizaciones manufactureras','desarrollo de grandes aplicaciones de red : vii jornadas, jdare 2010()','','libro','978-84-614-3720-7','','','',2010,'lopez2010sed',NULL),
  (909,'una visión de la soft computing a través del problema de ruteo de camiones y remolques','contribuciones en soft computing *(universidad de granada)','','libro','978-84-338-5672-2','universidad de granada','105 - 124','',2014,'torres2014uvd',NULL),
  (910,'?un acercamiento a la ejecución desatendida de pruebas de software?, temas avanzados sobre ciencias y tecnologías informáticas 2015','monografía en ','','monografía','978-959-261-479-6','','','',2015,'delgado2015?aa',NULL),
  (911,'proactivity and competition in four s-metaheuristics','monografía en temas avanzados sobre ciencias y tecnologías informáticas','','monografía','978-959-261-438-3','','','',2013,'moreno2013pac',NULL),
  (912,'aplicación de algoritmos metaheurísticos basados en un punto y en poblaciones al problema de descubrimiento de modelos de procesos','monografía en ','','monografía','978-959-261-438-3','','85','',2014,'jaime2014ada',NULL),
  (913,'?una solución para informatizar el sistema de métricas del modelo cuantitativo para evaluar la calidad de los productos de software?, temas avanzados sobre ciencias y tecnologías informáticas 2015','monografía en ','','monografía','978-959-261-479-6','','','',2015,'verona2015?sp',NULL),
  (914,'aplicación de algoritmos metaheurísticos basados en un punto y en poblaciones al problema de descubrimiento de modelos de procesos\". temas avanzados sobre ciencias y tecnologías informáticas 2015','monografía en ','','monografía','978-959-261-479-6','','','',2015,'jaime2015ada',NULL),
  (915,'un estudio comparativo de algunas herramientas para la elaboración de retratos hablados','monografía en temas avanzados sobre ciencias y tecnologías informáticas','','monografía','978-959-261-438-3','','','',2013,'torres2013uec',NULL),
  (916,'aplicaciones que se utilizan como espías en las redes de comunicaciones','boletín de criptografía teórica y aplicada','','','','1','','',2010,'andre2010aqs',NULL),
  (917,'herramientas para la experimentación con metaheurísticas','monografía en temas avanzados sobre ciencias y tecnologías informáticas','','monografía','978-959-261-438-3','','50','',2013,'paredes2013hpl',NULL),
  (918,'contrast data mining: concepts, algorithms, and applications.','more expressive contrast patterns and their mining(chapman&hall)','','libro','9781439854327','chapman&hall','89-108','',2013,'garcia2013cdm',NULL),
  (919,'?estado actual de los modelos y estrategias de partición de componentes hardware/software en el co-diseño de sistemas embebidos?, temas avanzados sobre ciencias y tecnologías informáticas 2015','monografía en ','','monografía','978-959-261-479-6','','','',2015,'diaz2015?ad',NULL),
  (920,'ejecución automática de pruebas de software','monografía en ','','monografía','978-959-261-438-3','','','',2013,'gómez2013ead',NULL),
  (921,'arquitectura dirigida por modelos (mda)','revista informática tecnología y gestión','','','0716-0658','','','',2009,'pagés2009adp',NULL),
  (922,'software para aplicar varios métodos de decisión multiatributo a diferentes entornos','contribuciones en soft computing  -(editorial universidad de granada)','','libro','978-84-338-5672-2','editorial universidad de granada','175-181','',2014,'morales2014spa',NULL),
  (923,'ataques de canal colateral: una amenaza real a las implementaciones de algoritmos criptográficos.','monografía en temas avanzados sobre ciencias y tecnologias informaticas.','','monografía','978-959-261-438-3','','','',2013,'legon2013adc',NULL),
  (924,'la logística moderna en la empresa','la logística moderna en la empresa(félix varela)','','libro','978-959-07-1135-0','félix varela','','',2009,'acevedo2009llm',NULL),
  (925,'principales modelos y estándares de calidad para evaluar el producto de software','monografía en ','','monografía','isbn 978-959-261-461-1','','12','',2014,'gonzález2014pmy',NULL),
  (926,'a soft computing based idea applied to the truck and trailer routing problem','exploring innovative and successful applications of soft computing(universidad de granada)','','libro','9781466647855','universidad de granada','245-259','',2013,'torres2013asc',NULL),
  (927,'aplicación de la soft computing al problema de ruteo de camiones y remolques','actas de la xv conferencia de la asociación española para la inteligencia artificial (caepia 2013)(asociación española para la inteligencia artificial (aepia))','','libro','978-84-695-8348-7','asociación española para la inteligencia artificial (aepia)','979-988','',2013,'torres2013adl',NULL),
  (928,'minería de datos (metodologías, técnicas y herramientas)','monografía en ','','monografía','978-959-261-438-3','','42','',2013,'acosta2013mdd',NULL),
  (930,'mopnar: algoritmo evolutivo multi-objetivo para extraer reglas de asociación cuantitativas positivas y negativas','actas de la xv conferencia de la asociación española para la inteligencia artificial caepia 2013(asociación española para la inteligencia artificial (aepia), madrid, españa)','','libro','978-84-695-8348-7','asociación española para la inteligencia artificial (aepia), madrid, españa','882-891','',2013,'martín2013mae',NULL),
  (931,'componentes de software en pascal para el filtrado digital de señales.','componentes de software en pascal para el filtrado digital de señales.(editora académica española (eae))','','libro','978-384-6570-98-2','editora académica española (eae)','','',2011,'sepulveda2011cds',NULL),
  (932,'experiencias en el desarrollo del programa de maestría en informática aplicada en la reública bolivariana de venezuela','algunas experiencias académicas de los programas de maestría y doctorado desarrollados por el convenio de cooperación integral cuba-venezuela mes-mppeuct 2007-2014(editorial universitaria)','','libro','978-959-16- 2436-9','editorial universitaria','99','',2015,'hernandez2015eee',NULL),
  (933,'matemática numérica, tomo i  y  ii','matemática numérica, tomo i  y  ii(félix varela)','','libro','978-959-1669-07-0','félix varela','','',2011,'lau2011mnt',NULL),
  (934,'uso de opencyc y un corpus de ontologías para el aprendizaje de ontologías a partir de mapas conceptuales','actas de la xv conferencia de la asociación española para la inteligencia artificial - caepia 2013(asociación española para la inteligencia artificial (aepia))','','libro','978-84-695-8348-7','asociación española para la inteligencia artificial (aepia)','1200-1209','',2013,'simon2013udo',NULL),
  (935,'una solución flexible y eficiente para el trazado de grafos basada en el escalador de colinas estocástico','una solución flexible y eficiente para el trazado de grafos basada en el escalador de colinas estocástico(editorial académica española, (eae))','','libro','978-3-8465-6220-8','editorial académica española, (eae)','','',2011,'rosete2011usf',NULL),
  (936,'algoritmos eficientes de b ?squeda por similitud en u espacios m ?tricos','monografía en ','','monografía','978-959-261-438-3','','','',2013,'socorro2013aed',NULL),
  (980,'recuperación de información','monografía en ','','monografía','978-959-261-438-3','','48','',2013,'guevara2013rdi',NULL),
  (987,'técnicas y perspectivas de la minería de procesos','monografía en ','','monografía','978-959-261-438-3','','','',2013,'socorro2013typ',NULL),
  (990,'a general method for knowledge discovery using compensatory fuzzy logic and metaheuristics','towards a trans-disciplinary technology of business and organizational intelligence: gathering knowledge discovery, knowledge management and decision making()','','libro','978-3-8322-9718-3','','240-271','',2011,'ceruto2011agm',NULL);

COMMIT;

#
# Data for the `asignaturademaestria` table  (LIMIT 0,500)
#

INSERT INTO `asignaturademaestria` (`id`, `nombre`, `abreviatura`, `creditos`, `tipo`, `objetivos`, `contenidos`) VALUES 
  (1,'software de sistemas paralelos y distribuidos','spd',3,'opcional','explicar los conceptos y las técnicas fundamentales utilizadas en el software de los sistemas paralelos y distribuidos','técnicas de programación paralela. sistemas distribuidos. comunicación, sincronización, procesos y procesadores en sistemas distribuidos. sistemas distribuidos de archivos. aspectos del diseño de los sistemas distribuidos'),
  (2,'taller de ingeniería y gestión de software','tis',3,'opcional','que los estudiantes profundicen en conocimientos especializados de la ingeniería y gestión de software; así como desarrollen habilidades para su aplicación en proyectos de investigación o innovación en dicho campo','temas especializados actuales en ingeniería y gestión de software, vinculados a los proyectos de investigación e innovación que desarrollen los estudiantes del taller.'),
  (3,'matemáticas discretas ','md',3,'opcional','profundizar en los principales conceptos de algunos temas de matemáticas discretas (teoría de conjuntos, relaciones, teoría de grafos y lógica matemática), los cuales son fundamentales para la comprensión de otras áreas de la informática aplicada. ','teoría de conjuntos. operaciones. comparación de magnitudes infinitas, cardinal de un conjunto. relaciones. operaciones. grafos. árboles. cálculo proposicional. cálculo de predicados de primer orden. resolución'),
  (4,'taller de gestión de tecnologías de la información','tgt',3,'opcional','que los estudiantes profundicen en conocimientos especializados en gestión de tecnologías de la información; así como desarrollen habilidades para su aplicación en proyectos de investigación o innovación en dicho campo','temas especializados actuales de la gestión de tecnologías de la información, vinculados a los proyectos de investigación e innovación que desarrollen los estudiantes del taller'),
  (5,'bases de datos ','bd',3,'basica','profundizar en las técnicas de diseño de bases de datos y su implementación en los sistemas de gestión de bases de datos (sgbd). describir las características fundamentales de las bases de datos deductivas, distribuidas y orientadas a objetos','modelo conceptual. modelo relacional extendido. bases de datos deductivas. bases de datos distribuidas. concurrencia. protección y seguridad. bases de datos orientadas a objetos. modelo relacional con modelos orientados a objetos'),
  (6,'seminario de investigación e innovación tecnológica','sit',3,'forminvest','que los estudiantes se apropien de los conceptos básicos y métodos generales para el trabajo de investigación e innovación, así como su utilización en el campo de la informática y sus aplicaciones','fundamentos teóricos de la investigación científica y la innovación tecnológica. teoría del conocimiento como base metodológica de la investigación y la innovación. trabajo con las fuentes bibliográficas. el problema de investigación o innovación. objeto y campo de acción. la hipótesis y preguntas científicas. métodos de investigación e innovación. el proyecto de investigación-desarrollo e innovación tecnológica a ciclo completo. la evaluación económica de costos y beneficios de un trabajo de investigación-desarrollo e innovación tecnológica. evaluación de impactos científico-tecnológicos, económicos, sociales y medioambientales'),
  (7,'arquitecturas de computadoras y redes','acr',3,'basica','describir las diferentes arquitecturas de redes de computadoras, los principios para la administración de las mismas y ser capaz de explotar sus prestaciones. describir los fundamentos de las comunicaciones mediante computadoras, los principales protocolos de enlace de datos y los principios de las teorías de la información y de la codificación.','arquitectura y administración de redes de computadoras. teorías de la información y la codificación. comunicaciones de datos. protocolos de comunicación'),
  (8,'taller de sistemas informáticos aplicados','tsi',3,'opcional','que los estudiantes profundicen en conocimientos especializados en un campo de la informática aplicada, vinculado a sus proyectos de investigación o innovación; así como desarrollen habilidades para su aplicación en dicho proyecto','temas especializados actuales en campos de la informática aplicada, vinculados a los proyectos de investigación e innovación que desarrollen los estudiantes del taller'),
  (9,'ingeniería de software ','is',3,'basica','profundizar en las distintas etapas del ciclo de vida de un proyecto informático. describir y utilizar metodologías, instrumentos y técnicas para el desarrollo de un sistema informático. aplicar los conceptos y técnicas actuales al diseño de la interfaz hombre-máquina de un sistema informático','ciclo de vida de un proyecto informático. metodologías, instrumentos y técnicas para el desarrollo de un sistema informático. estudio comparativo de metodologías. interfaz hombre-máquina y  técnicas para su diseño.'),
  (10,'taller de informática educativa ','tie',3,'opcional','que los estudiantes profundicen en conocimientos especializados de la informática educativa y desarrollen habilidades para su aplicación en proyectos de investigación o innovación en dicho campo','temas especializados actuales en informática educativa, vinculados a los proyectos de investigación e innovación que desarrollen los estudiantes del taller'),
  (11,'sistemas informáticos inteligentes','sii',3,'basica','explicar los campos de acción de la inteligencia artificial. describir las generalidades de la representación del conocimiento y las diferencias entre los principales formalismos de representación y procesamiento. describir los fundamentos del razonamiento con incertidumbre y del aprendizaje','campos de acción de la inteligencia artificial. representación y procesamiento del conocimiento, formalismos y lenguajes para el procesamiento simbólico. sistemas expertos. procesamiento bajo incertidumbre. aprendizaje automático, redes neuronales y algoritmos evolutivos'),
  (12,'compresión y cifrado de datos ','ccd',3,'opcional','interpretar y describir los algoritmos fundamentales utilizados para la compresión y cifrado de datos. interpretar y describir los criptosistemas de clave privada y de clave pública; así como los modos de cifrados en redes de computadoras. se pretende además desarrollar habilidades para la programación de algoritmos en este campo','compresión de datos. compresión de textos e imágenes. algoritmos básicos. criptografía. criptosistemas de clave privada y de clave pública. algoritmos. modos de cifrado en redes de computadoras'),
  (13,'fundamentos de la informática educativa ','fie',3,'opcional','describir los fundamentos pedagógicos y tecnológicos que sustentan la informática educativa. aplicar tales fundamentos al estudio y desarrollo de componentes y sistemas informáticos para su utilización en la educación','análisis de las tendencias pedagógicas contemporáneas desde la perspectiva de la informática educativa. didáctica e informática educativa. estructura y funcionamiento de diferentes tipos de sistemas para la informática educativa. técnicas para la construcción de componentes y sistemas informáticos para la educación'),
  (14,'taller de auditoría y seguridad informática','tas',3,'opcional','que los estudiantes profundicen en conocimientos especializados de la auditoría y seguridad informática; así como desarrollen habilidades para su aplicación en proyectos de investigación o innovación en dicho campo','temas especializados actuales de auditoría y seguridad informática, vinculados a los proyectos de investigación e innovación que desarrollen los estudiantes del taller'),
  (15,'taller de procesamiento paralelo y distribuido','tpd',3,'opcional','que los estudiantes profundicen en conocimientos especializados de software de los sistemas paralelos y distribuidos; así como desarrollen habilidades para su aplicación en proyectos de investigación o innovación en dicho campo','temas especializados actuales sobre el software de los sistemas paralelos y distribuidos, vinculados a los proyectos de investigación e innovación que desarrollen los estudiantes del taller'),
  (16,'taller de inteligencia artificial ','tia',3,'opcional','que los estudiantes profundicen en conocimientos especializados en inteligencia artificial y desarrollen habilidades para su aplicación en proyectos de investigación o innovación en dicho campo','temas especializados actuales en inteligencia artificial, vinculados a los proyectos de investigación e innovación que desarrollen los estudiantes del taller'),
  (17,'calidad del software ','cs',3,'opcional','valorar la calidad de un software por medio de la aplicación de las métricas correspondientes. desarrollar software con garantía de su calidad. explicar instrumentos a utilizar para la garantía de la calidad','calidad del software. garantía de la calidad del software. revisiones del software. métricas de la calidad. fiabilidad del software. un enfoque para la garantía de la calidad. métricas de la calidad para proyectos estructurados. métricas de calidad para proyectos orientados a objetos. instrumentos case. discusión de las aplicaciones realizadas y los instrumentos de software utilizados'),
  (18,'gestión de proyectos informáticos','gpi',3,'opcional','realizar la planificación para el desarrollo de un proyecto informático teniendo en cuenta las diferentes métricas disponibles. llevar a cabo la planificación y el control de un proyecto informático. realizar el análisis de costo-beneficio de un proyecto informático y a partir de esto determinar el efecto económico. aplicar al software desarrollado los distintos tipos de pruebas para detectar errores y depurar su funcionamiento. describir las características y tareas del mantenimiento. desarrollar configuraciones del software, llevando el control de versiones y  cambios','plan del proyecto. métricas. estimación del proyecto. modelos de estimación. planificación operativa del proyecto. control operativo del proyecto. control de costos. cálculo de indicadores de planificación. fundamentos de la prueba de software. distintos tipos de pruebas. características y tareas del mantenimiento. gestión configuraciones. control de versiones. control de cambios. instrumentos case. estudio de casos'),
  (19,'matemática computacional ','mc',3,'opcional','profundizar en los conceptos básicos de la teoría matemática de las ciencias de la computación, con énfasis en la computabilidad, la decidibilidad, la recursividad, el diseño y análisis de algoritmos y los conceptos relacionados con ellos. se pretende que los alumnos se apropien de estos conceptos para su posterior utilización en otros cursos y en el trabajo práctico','computabilidad, decidibilidad, recursividad. complejidad computacional.  modelos de cómputo. análisis de complejidad. técnicas para el diseño de algoritmos.  clases de complejidad de problemas: p, np y problemas intrínsicamente exponenciales. introducción al análisis de algoritmos paralelos'),
  (20,'seguridad, riesgos y auditoría informática','sra',3,'opcional','valorar los riesgos comerciales, técnicos y de proyecto del software. aplicar las tecnologías para la seguridad en el desarrollo del software. explicar los abusos informáticos y las medidas para evitar la ocurrencia. describir los criterios de evaluación de la seguridad en los sistemas informáticos. describir los aspectos fundamentales referentes a la auditoría informática y las herramientas para su uso. participar en la auditoría a un sistema informático en estado de proyección. participar en la auditoría a un sistema informático en explotación','identificación y evaluación del riesgo. plan de gestión y de supervisión del riesgo. seguridad física y administrativa. vulnerabilidad y mecanismo de seguridad en redes. tecnología para la seguridad. criterios de evaluación de los sistemas de información. auditoría informática. auditoría y control. herramientas de auditoría informática. auditoría al sistema de protección y seguridad. metodología de la auditoría'),
  (21,'taller de investigación e innovación tecnológica','tit',17,'forminvest','con estas actividades, vinculadas a la ejecución del proyecto de cada estudiante, se persigue aumentar el nivel de habilidades creadas en los seminarios para el trabajo de investigación-desarrollo e innovación tecnológica; integrando los conocimientos, habilidades y valores que vaya alcanzando el estudiante según avance en el programa, encaminado al proceso de elaboración y defensa de una memoria para la evaluación final. por esta razón, el taller funcionará a través de varias actividades integradoras distribuidas a lo largo de todo el cronograma de desarrollo de la maestría','temas de la línea de investigación-desarrollo o innovación tecnológica, propios de cada estudiante.  orientaciones metodológicas para la escritura de la memoria para la evaluación final de la maestría. exposición y defensa de la memoria escrita, previo a la evaluación final de la maestría');

COMMIT;

#
# Data for the `ediciondemaestria` table  (LIMIT 0,500)
#

INSERT INTO `ediciondemaestria` (`id`, `nombre`, `fechainicio`, `fechafin`, `numerodeserie`) VALUES 
  (1,'4ta edición','2014-02-03','2017-02-01',17),
  (2,'3ra edición','2012-09-01','2015-09-01',16),
  (3,'2da edición','2009-10-01','2012-10-01',15);

COMMIT;

#
# Data for the `grupodeinvestigacion` table  (LIMIT 0,500)
#

INSERT INTO `grupodeinvestigacion` (`id`, `nombre`) VALUES 
  (1,'minería de texto e ingeniería del conocimiento'),
  (2,'minería de datos, reconocimiento de patrones y optimización'),
  (3,'asdfasdfasdfas');

COMMIT;

#
# Data for the `persona` table  (LIMIT 0,500)
#

INSERT INTO `persona` (`id`, `nombre`, `apellidos`, `ci`, `idgrupodeinvestigacion`, `profesion`, `organismo`, `correo`, `codiceid`, `gradocientifico`, `categoriadocente`, `location`, `fechagradocientifico`) VALUES 
  (1,'juan carlos','garcía gonzález','85080708043',NULL,'profesor','cujae/mes','jcgarcia@ceis.cujae.edu.cu','juan carlos  garcia gonzalez',NULL,NULL,0,NULL),
  (2,'denis','linares mirelis',NULL,NULL,NULL,NULL,NULL,'denis  linares mirelis',NULL,NULL,0,NULL),
  (3,'roberto','sepulveda lima',NULL,NULL,NULL,NULL,NULL,'roberto  sepulveda lima','phd',NULL,0,'1998-01-01'),
  (4,'yanet','véliz martínez','85062704871',NULL,'especialista','datacimex','yanetv@cimex.com.cu','','','',2,NULL),
  (5,'rogelio','lau fernandez',NULL,NULL,NULL,'cujae',NULL,'rogelio  lau fernandez','phd',NULL,0,'1986-01-01'),
  (6,'jose antonio','acevedo suarez',NULL,NULL,NULL,NULL,NULL,'jose antonio  acevedo suarez',NULL,NULL,0,NULL),
  (7,'josé luis','viloria rodríguez','87111206845',NULL,'jefe de proyecto','citi/minint','jviloria@udio.cujae.edu.cu','','','',1,NULL),
  (8,'josé miguel','loor intriago','1304805102',NULL,'analista de nóminas','universidad técnica de manabi. porto viejo-ecuador','','josemiguel loor intriago','','',3,NULL),
  (9,'daniel','valdés torres','83070805722',NULL,'especialista b en ciencias informáticas','aduana',NULL,NULL,NULL,NULL,2,NULL),
  (10,'maykel','pérez gort','',NULL,'','','',NULL,'msc/esp','',0,NULL),
  (11,'edith','martinez delgado',NULL,NULL,NULL,NULL,NULL,'edith  martinez delgado',NULL,NULL,0,NULL),
  (12,'leydys','pérez cortés','87052506570',NULL,'profesor universitario','cujae/mes','lperez@ceis.cujae.edu.cu','leydys  perez cortes','','',0,NULL),
  (13,'surelys gissell','pérez jimenez',NULL,NULL,NULL,NULL,NULL,'surelys gissell  pérez jimenez',NULL,NULL,0,NULL),
  (14,'gianna','fernández tuma','88020606432',NULL,'profesor universitario','cujae/mes','gfernandez@ceis.cujae.edu.cu','gianna  fernandez tuma','','',0,NULL),
  (15,'perla beatriz','fernández oliva','87070417478',NULL,'profesor universitario','cujae/mes','perla@ceis.cujae.edu.cu','perla beatriz  fernandez oliva','','',0,NULL),
  (16,'raymel','hernandez garcia',NULL,NULL,NULL,NULL,NULL,'raymel  hernandez garcia',NULL,NULL,0,NULL),
  (17,'leyda del carmen','machado lores','86090405557',NULL,'especialista','ministerio de finanzas y precios','leydac.machado@mfp.gob.cu','','','',2,NULL),
  (18,'tatiana fca.','choez delgado','1310120652',NULL,'técnico de cómputo','extranjero','','','','',3,NULL),
  (19,'leandro','zambrano mendez','86062224105',NULL,'profesor universitario','cujae/mes','lzambrano@ceis.cujae.edu.cu','leandro  zambrano mendez','','',0,NULL),
  (20,'daynel','díaz polo','84061405467',NULL,'especialista','udio/minint','ddiazp@udio.cujae.edu.cu','','','',0,NULL),
  (21,'noel','fuentes ramírez','',NULL,'','','','noel  fuentes ramírez','msc/esp','',0,NULL),
  (22,'tania de las mercedes','fdez del pino','392357',NULL,NULL,'minfar','cpa@unicom.co.cu',NULL,NULL,NULL,2,NULL),
  (23,'exiquio c','leyva perez',NULL,NULL,NULL,NULL,NULL,'exiquio c  leyva perez','phd',NULL,0,'1991-01-01'),
  (24,'yahima','hadfeg fernandez','85100808034',NULL,'profesor universitario','cujae/mes','yhadfeg@ceis.cujae.edu.cu','yahima  hadfeg fernandez','msc/esp','',0,NULL),
  (25,'adrian','debasa estrada',NULL,NULL,NULL,NULL,NULL,'adrian  debasa estrada',NULL,NULL,0,NULL),
  (26,'jorge','vega pérez','86123023725',NULL,'profesor','cujae/mes','jvega.perez86@gmail.com','jorge vega pérez','','',1,NULL),
  (27,'isnelys','méndes campos','86111507771',NULL,'líder proyecto','citi/minint','',NULL,NULL,NULL,0,NULL),
  (28,'igr alexander','fernández saúco','80011811303',NULL,'especialista','datys/minint','','','','',2,NULL),
  (29,'luis ariel','diago márquez','',NULL,'','','','luis diago','phd','',0,'2008-01-01'),
  (30,'diana','martín rodríguez','85081009379',2,'profesor universitario','cujae/mes','dmartin@ceis.cujae.edu.cu','diana  martín rodríguez','phd','',0,NULL),
  (31,'ana lilian','infante abreu','85111612179',NULL,'profesor universitario','cujae/mes','ainfante@ceis.cujae.edu.cu','ana lilian  infante abreu','msc/esp','',0,NULL),
  (32,'sismay','gonzález martínez','84052607696',NULL,'profesora de informática','mined','maldonado@infomed.sld.cu','','','',0,NULL),
  (33,'angel','garcía fernández','86101104864',NULL,'oficial de automatización','minfar','','','','',2,NULL),
  (34,'patricia','lubián hernández',NULL,NULL,NULL,NULL,NULL,'patricia  lubián hernández',NULL,NULL,0,NULL),
  (35,'rogelio','barroso abreu','',NULL,'','cujae/mes','',NULL,'','',0,NULL),
  (36,'sacha','pelaiz barranco','',NULL,'','','',NULL,'msc/esp','',0,NULL),
  (37,'bertha','fernandez de alaiza garcía madrigal',NULL,NULL,NULL,NULL,NULL,'bertha  fernandez de alaiza garcía madrigal',NULL,NULL,0,NULL),
  (38,'sergio','marrero osorio',NULL,NULL,NULL,NULL,NULL,'sergio  marrero osorio',NULL,NULL,0,NULL),
  (39,'carlos ramon','lopez paz','',NULL,'','','','carlos ramon  lopez paz','phd','',0,'2010-01-01'),
  (40,'jousuan','martell verde','83020930323',NULL,'especialista informático','citi/minint','',NULL,NULL,NULL,0,NULL),
  (41,'dailin','rodríguez nápoles','85112008331',NULL,'especialista. profesor  tiempo parcial','citi/minint','','dailin  rodriguez nápoles',NULL,NULL,0,NULL),
  (42,'yuliet','espinosa cruz','86072604852',NULL,'profesor universitario','cujae/mes','yespinosac@ceis.cujae.edu.cu','yuliet espinosa','','',0,NULL),
  (43,'anaisa','hernandez gonzalez',NULL,NULL,NULL,'cujae',NULL,'anaisa  hernandez gonzalez','phd',NULL,0,'2001-01-01'),
  (44,'leonardo','rodríguez franco','84081605825',NULL,'especialista informático','minint','leonardo@soft.mic.cu',NULL,NULL,NULL,0,NULL),
  (45,'alternan','carrasco bustamante','85070605138',NULL,'líder proyecto','citi/minint','acarrasco@udio.cujae.edu.cu','alternán carrasco','','',0,NULL),
  (46,'joan','jaime puldón','82090506860',NULL,'profesor universitario','cujae/mes','','joan  jaime puldón','','',0,NULL),
  (47,'ernesto rafael','carbonell rigores','63102210584',NULL,'profesor universitario','cujae/mes','ernesto@ceis.cujae.edu.cu','','','',0,NULL),
  (48,'emma','torres orúe','83042830117',NULL,'especialista principal grupo calidad de sw','mic','emma@segurmatica.cu','emma torres','','',2,NULL),
  (49,'lisban','torres perez','83103029225',NULL,'especialista','udio/minint','ltorresp@udio.cujae.edu.cu','lisban  torres perez','','',0,NULL),
  (50,'claudia maria','poo enciso','87112506654',NULL,'especialista informático','citi/minint','',NULL,NULL,NULL,0,NULL),
  (51,'raycos','brito sarasa','',NULL,'','','',NULL,'msc/esp','',0,NULL),
  (52,'claudia ivette','castro zamora','89122221377',NULL,'profesor universitario','cujae/mes','','claudia ivette  castro zamora','','',0,NULL),
  (53,'dianelys de la caridad','calzada díaz','88121107791',NULL,'profesor universitario','cujae/mes','dcalzada@ceis.cujae.edu.cu','dianelys de la caridad  calzada diaz','','',0,NULL),
  (54,'mailyn','moreno espino',NULL,2,NULL,NULL,NULL,'mailyn  moreno espino','phd',NULL,0,'2014-01-01'),
  (55,'alejandro j','cabrera sarmiento',NULL,NULL,NULL,NULL,NULL,'alejandro j  cabrera sarmiento',NULL,NULL,0,NULL),
  (56,'jorge ','ramírez beltrán','',NULL,'','','',NULL,'phd','',0,NULL),
  (57,'alain','perez acosta','88071608128',NULL,'profesor universitario','cujae/mes','','alain  perez acosta','','',0,NULL),
  (58,'nivia','romero rodríguez','385814',NULL,'dirección metodológica del desarrollo de sw en las far','minfar','mf@unicom.co.cu',NULL,NULL,NULL,2,NULL),
  (59,'jose angel','franco navarro','',NULL,'','','','jose angel  franco navarro','msc/esp','',0,NULL),
  (60,'eduardo','sánchez ansola','86011105201',2,'profesor universitario','cujae/mes','esancheza@ceis.cujae.edu.cu','eduardo  sánchez ansola','','',0,NULL),
  (61,'conrado antonio','martínez agüero',NULL,NULL,NULL,NULL,NULL,NULL,NULL,NULL,0,NULL),
  (62,'wenny','hojas mazo',NULL,1,NULL,NULL,NULL,'wenny  hojas mazo',NULL,NULL,0,NULL),
  (63,'henry','rodriguez estevez',NULL,NULL,NULL,NULL,NULL,'henry  rodriguez estevez',NULL,NULL,0,NULL),
  (64,'carlos manuel','de armas morejón','86091307142',NULL,'especialista informático','citi/minint','','carlos manuel de armas morejón','','',0,NULL),
  (65,'ernesto','nogueira guevara','71052711644',NULL,'profesor','filial ciencias técnicas sur-este/mes','ernesto@tecnosime.co.cu',NULL,NULL,NULL,1,NULL),
  (66,'judith','morciego labaut','71090306695',NULL,'especialista b en telemática.','mic','judith.morciego@etecsa.cu',NULL,NULL,NULL,2,NULL),
  (67,'arnaldo','corzo ferrer',NULL,NULL,NULL,NULL,NULL,'arnaldo  corzo ferrer',NULL,NULL,0,NULL),
  (68,'maria julia','becerra alonso',NULL,NULL,NULL,NULL,NULL,'maria julia  becerra alonso',NULL,NULL,0,NULL),
  (69,'esther r.','ansola hazday',NULL,NULL,NULL,NULL,NULL,'esther r.  ansola hazday',NULL,NULL,0,NULL),
  (70,'cira lidia','isaac godinez',NULL,NULL,NULL,NULL,NULL,'cira lidia  isaac godinez',NULL,NULL,0,NULL),
  (71,'robiert','sepulveda torres',NULL,NULL,NULL,NULL,NULL,'robiert  sepulveda torres',NULL,NULL,0,NULL),
  (72,'reynier','gómez gonzález',NULL,NULL,NULL,NULL,NULL,'reynier  gómez gonzález',NULL,NULL,0,NULL),
  (73,'eva','flores valdés','83051006343',NULL,'profesor universitario','cujae/mes','eflores@ceis.cujae.edu.cu','eva  flores valdes','','',0,NULL),
  (74,'raisa','socorro llanes',NULL,2,NULL,NULL,NULL,'raisa  socorro llanes','phd',NULL,0,'2012-01-01'),
  (75,'kalet','león monzón','740214',NULL,'','centro de inmunología molecular','kalet@cim.sld.cu','','phd','',2,'2002-01-01'),
  (76,'ahmed','suárez rodríguez','',NULL,'','','','','msc/esp','',0,NULL),
  (77,'rodnel','sanjuan guerra',NULL,NULL,NULL,NULL,NULL,'rodnel  sanjuan guerra',NULL,NULL,0,NULL),
  (78,'lisandra','bravo ilisastigui','87040907875',NULL,'profesor universitario','cujae/mes','','lisandra  bravo ilisastigui','','',0,NULL),
  (79,'leandro','gonzález balloqui','85061905440',NULL,'especialista informático','citi/minint','',NULL,NULL,NULL,0,NULL),
  (80,'vanessa danae','muñoz castillo',NULL,NULL,NULL,NULL,NULL,'vanessa danae  muñoz castillo',NULL,NULL,0,NULL),
  (81,'lalchandra','rampersaud','1046055',NULL,'ingeniero informático','extranjero','','lalchandra rampersaud','','',3,NULL),
  (82,'aylín','febles estrada',NULL,NULL,NULL,NULL,NULL,NULL,'phd',NULL,0,NULL),
  (83,'milagros','montalvo fránquiz','67101301590',NULL,'investigador auxiliar','desoft/mic','montalvo@ceis.cujae.edu.cu','','','',0,NULL),
  (84,'venus','henry fuenteseca','87031508012',NULL,'profesor universitario','cujae/mes','vhenry@ceis.cujae.edu.cu','venus  henry fuenteseca','','',0,NULL),
  (85,'carlos miguel','legon perez',NULL,NULL,NULL,NULL,NULL,'carlos miguel  legon perez',NULL,NULL,0,NULL),
  (86,'guillermo enrique','zanoletti garcía','83101213886',NULL,'especialista b','udio/minint','gezanoletti@udio.cujae.edu.cu','','','',0,NULL),
  (87,'pedro antonio','kinsumba','0431474',NULL,'jefe dpto. universidad agostinho neto en angola','extranjero','','pedro antonio kinsumba','','',3,NULL),
  (88,'niurka','gómez lópez','363707',NULL,'automatizador','minfar',NULL,NULL,NULL,NULL,2,NULL),
  (89,'ernesto','guevara martinez',NULL,NULL,NULL,NULL,NULL,'ernesto  guevara martinez',NULL,NULL,0,NULL),
  (90,'luis victor','hernandez valdez','84101705387',NULL,'profesor universitario','cujae/mes','lhernandezv@ceis.cujae.edu.cu','luis victor  hernandez valdez','','',0,NULL),
  (91,'reinier','bandon casamayor',NULL,NULL,NULL,NULL,NULL,'reinier  bandon casamayor',NULL,NULL,0,NULL),
  (92,'lester reinier','hernández díaz',NULL,NULL,NULL,NULL,NULL,'lester reinier  hernández díaz',NULL,NULL,0,NULL),
  (93,'daniel','alvarez goenaga',NULL,NULL,NULL,NULL,NULL,'daniel  alvarez goenaga',NULL,NULL,0,NULL),
  (94,'jorge','torres goméz',NULL,NULL,NULL,NULL,NULL,'jorge  torres goméz',NULL,NULL,0,NULL),
  (95,'carlos luis','pinagorte','1306135888',NULL,'docente','universidad técnica de manabi. porto viejo-ecuador',NULL,NULL,NULL,NULL,3,NULL),
  (96,'esther s.','michelena fernandez',NULL,NULL,NULL,NULL,NULL,'esther s.  michelena fernandez',NULL,NULL,0,NULL),
  (97,'nayma','cepero perez',NULL,NULL,NULL,NULL,NULL,'nayma  cepero perez',NULL,NULL,0,NULL),
  (98,'magela','santana gonzález','85030206758',NULL,'especialista','udio/minint','msantana@udio.cujae.edu.cu','magela santana','','',0,NULL),
  (99,'eddy','jiménez miranda','84081008269',NULL,'especialista ','udio/minint','ejimenez@udio.cujae.edu.cu','','','',0,NULL),
  (100,'gianny','martínez perdomo','87121908766',NULL,'especialista','minfar','giannybsb@gmail.com','','','',2,NULL),
  (101,'raul valentin','rodriguez lamas',NULL,NULL,NULL,NULL,NULL,'raul valentin  rodriguez lamas',NULL,NULL,0,NULL),
  (102,'ernesto','hernandez benitez',NULL,NULL,NULL,NULL,NULL,'ernesto  hernandez benitez',NULL,NULL,0,NULL),
  (103,'miguel a.','garay garcell',NULL,NULL,NULL,NULL,NULL,'miguel a.  garay garcell','phd',NULL,0,NULL),
  (104,'anisleivy','vázquez abascal','459985',NULL,'oficial de informática','minfar','cpa@unicom.co.cu',NULL,NULL,NULL,2,NULL),
  (105,'alicia','valdés calviño','87120810033',NULL,'especialista','datys','','','','',2,NULL),
  (106,'yaima yiri','antelo gonzalez',NULL,NULL,NULL,NULL,NULL,'yaima yiri  antelo gonzalez',NULL,NULL,0,NULL),
  (107,'javier','crespo sánchez',NULL,NULL,NULL,NULL,NULL,NULL,'phd',NULL,0,NULL),
  (108,'gabriela ','padrón triana','69111601055',NULL,'jefe dpto. de informática','bpa','gabriela@mail.ha.bpa.cu','','','',0,NULL),
  (109,'milton','garcia borroto','',NULL,'','','','milton  garcia borroto','phd','',0,'2010-07-01'),
  (110,'ariana','garcía fernández','88012809490',NULL,'profesor universitario','cujae/mes','agarciafe@ceis.cujae.edu.cu','ariana  garcia fernandez',NULL,NULL,0,NULL),
  (111,'vivian','estrada senti',NULL,NULL,NULL,NULL,NULL,NULL,NULL,NULL,0,NULL),
  (112,'daymi','morales vega','85070503051',NULL,'profesor universitario','cujae/mes','dmorales@ceis.cujae.edu.cu','daymi  morales vega','msc/esp','',0,NULL),
  (113,'miguel','bolivar rodríguez','83091727565',NULL,'líder proyecto','citi/minint','','miguel bolivar rodríguez','','',0,NULL),
  (114,'raúl','martínez rodríguez',NULL,NULL,NULL,NULL,NULL,NULL,'phd',NULL,0,NULL),
  (115,'jorge','díaz bencomo','87081623529',NULL,'especialista','minfar','','','','',2,NULL),
  (116,'isela','mendoza del castillo',NULL,NULL,NULL,NULL,NULL,'isela  mendoza del castillo',NULL,NULL,0,NULL),
  (117,'ander','torres lópez',NULL,NULL,NULL,NULL,NULL,'ander  torres lópez',NULL,NULL,0,NULL),
  (118,'emilio antonio','cedeño palma','1309681896',NULL,'ayudante de laboratorio','universidad técnica de manabi. porto viejo-ecuador','','emilio antonio cedeñó palma','','',3,NULL),
  (119,'javier','padrón cheong','85060701225',NULL,'especialista informático','citi/minint','jpadron@udio.cujae.edu.cu',NULL,NULL,NULL,0,NULL),
  (120,'sandra','verona marcos','86021206334',NULL,'profesor universitario','cujae/mes','sverona@ceis.cujae.edu.cu','sandra  verona marcos','','',0,NULL),
  (121,'adolfo','de la paz machín','88083004102',NULL,'arquitecto de sistemas','minfar','adelapaz@xetid.cu','','','',2,NULL),
  (122,'glendys','barzaga reyes',NULL,NULL,NULL,NULL,NULL,'glendys  barzaga reyes',NULL,NULL,0,NULL),
  (123,'orenia','lapeira mena','89012221293',2,'profesor universitario','cujae/mes','','orenia  lapeira mena','','',0,NULL),
  (124,'anabel','montero posada','89090121930',NULL,'profesor universitario','cujae/mes','','anabel  montero posada','','',0,NULL),
  (125,'annalay','escalera fariñas',NULL,NULL,NULL,NULL,NULL,'annalay  escalera fariñas',NULL,NULL,0,NULL),
  (126,'ernesto e.','hernandez calderin',NULL,NULL,NULL,NULL,NULL,'ernesto e.  hernandez calderin',NULL,NULL,0,NULL),
  (127,'luis','peña capote',NULL,NULL,NULL,NULL,NULL,'luis  peña capote',NULL,NULL,0,NULL),
  (128,'josé arístides','valencia ruíz','70102500001',NULL,'jefe centro cómputo utm','universidad técnica de manabi. porto viejo-ecuador','','josé aristides valencia ruiz','','',3,NULL),
  (129,'howard','egaña marrero',NULL,NULL,NULL,NULL,NULL,'howard  egaña marrero',NULL,NULL,0,NULL),
  (130,'walter','baluja garcía',NULL,NULL,NULL,NULL,NULL,NULL,NULL,NULL,0,NULL),
  (131,'osvaldo andrés','pérez garcía','',NULL,'','','','','phd','',2,NULL),
  (132,'carlos miguel','legón pérez','',NULL,'','','','','phd','titular',0,NULL),
  (133,'dalila','jústiz núñez','86012308577',NULL,'especialista','udio/minint','djustiz@udio.cujae.edu.cu','dalila jústiz núñez','','',0,NULL),
  (134,'irene','lopez valdes',NULL,NULL,NULL,NULL,NULL,'irene  lopez valdes',NULL,NULL,0,NULL),
  (135,'denis','estenoz marquez',NULL,NULL,NULL,NULL,NULL,'denis  estenoz marquez',NULL,NULL,0,NULL),
  (136,'alexánder','fernández saúco','80011811303',NULL,NULL,'datys','alexander.fernandez@datys.cu',NULL,NULL,NULL,2,NULL),
  (137,'manuel','morejón espinosa','85061106981',NULL,'profesor','cujae/mes','','manuel morejón espinosa','','',0,NULL),
  (138,'maykel','hernández de la noval','84120503566',NULL,'especialista','udio/minint','mhernandez@udio.cujae.edu.cu','','','',0,NULL),
  (139,'carlos aristides','rodriguez yabor',NULL,NULL,NULL,NULL,NULL,'carlos aristides  rodriguez yabor',NULL,NULL,0,NULL),
  (140,'isis','torres pérez','85120804830',NULL,'profesor universitario','cujae/mes','itorres@ceis.cujae.edu.cu','isis  torres pérez','phd','',0,'2016-01-01'),
  (141,'gil','cruz lemus',NULL,NULL,NULL,NULL,NULL,'gil  cruz lemus',NULL,NULL,0,NULL),
  (142,'juan carlos','fonden calzadilla',NULL,NULL,NULL,NULL,NULL,'juan carlos  fonden calzadilla',NULL,NULL,0,NULL),
  (143,'jonad','garcia san martin',NULL,NULL,NULL,NULL,NULL,'jonad  garcia san martin',NULL,NULL,0,NULL),
  (144,'roani ladislá','miranda cuellar',NULL,NULL,NULL,NULL,NULL,'roani ladislá  miranda cuellar',NULL,NULL,0,NULL),
  (145,'irene','lópez valdés','',NULL,'','','',NULL,'msc/esp','',0,NULL),
  (146,'henry alejandro','glez álvarez','84042107709',NULL,'especialista informático','minint','',NULL,NULL,NULL,0,NULL),
  (147,'liz yarai','martinez delgado',NULL,NULL,NULL,NULL,NULL,'liz yarai  martinez delgado',NULL,NULL,0,NULL),
  (148,'wendy','fernandez moreira',NULL,NULL,NULL,NULL,NULL,'wendy  fernandez moreira',NULL,NULL,0,NULL),
  (149,'modesto','gómez crespo','',NULL,'','','','','phd','',0,'2009-01-01'),
  (150,'omar','machín maldonado','',NULL,'','','',NULL,'phd','',0,NULL),
  (151,'alfredo','guerra hernández','',NULL,'','','','','phd','',0,NULL),
  (152,'sonia','perez lovelle',NULL,NULL,NULL,'cujae',NULL,'sonia  perez lovelle','phd',NULL,0,'2007-01-01'),
  (153,'yudit','ponce toste','84112704255',NULL,'profesor universitario','cujae/mes','','yudit ponce toste','','',1,NULL),
  (154,'ingrid','wilford rivera',NULL,NULL,NULL,NULL,NULL,'ingrid  wilford rivera','phd',NULL,0,'2010-01-01'),
  (155,'eros','garcia ponte',NULL,NULL,NULL,NULL,NULL,'eros  garcia ponte',NULL,NULL,0,NULL),
  (156,'daniel','gonzález loynaz','84120708043',NULL,'especialista informático','citi/minint','',NULL,NULL,NULL,0,NULL),
  (157,'jenny','fajardo calderin','85032207718',2,'profesor universitario','cujae/mes','jfajardo@ceis.cujae.edu.cu','jenny  fajardo calderin','phd','',0,NULL),
  (158,'carlos rafael','molinas hernández','',NULL,'','universidad de matanza','',NULL,'msc/esp','',2,NULL),
  (159,'adián yasel','valdés ruiz','84021411703',NULL,'especialista','udio/minint','ayasel@udio.cujae.edu.cu','adián yasel valdés ruiz','','',0,NULL),
  (160,'josué','carralero iznaga',NULL,NULL,NULL,NULL,NULL,NULL,'msc/esp',NULL,0,NULL),
  (161,'raudel','cuiman marquez',NULL,NULL,NULL,NULL,NULL,'raudel  cuiman marquez',NULL,NULL,0,NULL),
  (162,'adrian alfredo','hernández méndez','85070418028',NULL,'profesor','cebio-cujae','','','','',1,NULL),
  (163,'david','paredes miranda','82012908842',2,'profesor universitario','cujae/mes','dparedes@ceis.cujae.edu.cu','david  paredes miranda','','',0,NULL),
  (164,'higinio','bellón corvo','73081401127',NULL,'especialista b en ciencias informáticas','bpa','higinio@mail.ha.bpa.cu','','','',0,NULL),
  (165,'alfredo javier','simon cuevas',NULL,2,NULL,NULL,NULL,'alfredo javier  simon cuevas','phd',NULL,0,'2009-01-01'),
  (166,'rosali','diaz hernandez',NULL,2,NULL,NULL,NULL,'rosali  diaz hernandez',NULL,NULL,0,NULL),
  (167,'alejandro','rosete suarez',NULL,2,NULL,'cujae',NULL,'alejandro  rosete suarez','phd','titular',0,'2000-01-01'),
  (168,'ana teresa','molina alvarez',NULL,NULL,NULL,NULL,NULL,'ana teresa  molina alvarez',NULL,NULL,0,NULL),
  (169,'maría gulnara','baldoquín de la peña','',NULL,'','','','gulnara baldoquín de la peña','phd','',0,'1995-01-01'),
  (170,'daniel','pagés chacón',NULL,NULL,NULL,NULL,NULL,'daniel  pagés chacón',NULL,NULL,0,NULL),
  (171,'martha ines','gomez acosta',NULL,NULL,NULL,NULL,NULL,'martha ines  gomez acosta',NULL,NULL,0,NULL),
  (172,'taymi','ceruto cordovés',NULL,2,NULL,NULL,NULL,'taymi  ceruto cordovés','phd',NULL,0,NULL),
  (173,'ramon','collazo delgado',NULL,NULL,NULL,NULL,NULL,'ramon  collazo delgado',NULL,NULL,0,NULL),
  (174,'yucely','lópez trujillo','',NULL,'','','','yucely  lópez trujillo','msc/esp','',0,NULL),
  (175,'dalila','kindelan castro','87081906812',NULL,'especialista','citi/minint','dkindelan@ceis.cujae.edu.cu','','','',1,NULL),
  (176,'eduardo','gomez vega',NULL,NULL,NULL,NULL,NULL,'eduardo  gomez vega',NULL,NULL,0,NULL),
  (177,'yosvanys','aponte báez','',NULL,'','','',NULL,'msc/esp','',0,NULL),
  (178,'juan c.','sepulveda peña','',NULL,'','','','juan c.  sepulveda peña','phd','',0,'2010-01-01'),
  (179,'angel eduardo','pentón saucedo','69092217668',NULL,'especialista b en ciencias informáticas','minbas','eduardo@ecmtz.cupet.cu;epenton@minbas.cu',NULL,NULL,NULL,0,NULL),
  (180,'yasell','torres carrasco',NULL,NULL,NULL,NULL,NULL,'yasell  torres carrasco',NULL,NULL,0,NULL),
  (181,'yoelys','ronda amador',NULL,NULL,NULL,NULL,NULL,'yoelys  ronda amador',NULL,NULL,0,NULL),
  (182,'daymi','hernandez rodriguez',NULL,NULL,NULL,NULL,NULL,'daymi  hernandez rodriguez',NULL,NULL,0,NULL),
  (183,'katerine','escaleras fariñas','89052220499',2,'profesor universitario','cujae/mes','','katerine  escaleras fariñas','','',0,NULL),
  (184,'margarita','andre ampuero','',NULL,'','cujae','','margarita  andre ampuero','phd','',0,'2010-01-01'),
  (185,'ricardo','gomez lara',NULL,NULL,NULL,NULL,NULL,'ricardo  gomez lara',NULL,NULL,0,NULL),
  (186,'manuel','de la iglesia campos','84031007700',1,'profesor universitario','cujae/mes','miglesia@ceis.cujae.edu.cu','manuel  de la iglesia campos','','',0,NULL),
  (187,'yanelis ','formoso valdés','85090207374',NULL,'especialista','udio/minint','yformoso@udio.cujae.edu.cu','','','',0,NULL),
  (188,'oscar','toledo canet','85070107601',NULL,'profesor','cujae/mes','otoledo@cei.cujae.edu.cu','oscar  toledo canet',NULL,NULL,0,NULL),
  (189,'alicia r.','alonso becerra',NULL,NULL,NULL,NULL,NULL,'alicia r.  alonso becerra','phd',NULL,0,NULL),
  (190,'tatiana','delgado fernández','',NULL,'','cujae','',NULL,NULL,'titular',1,NULL),
  (191,'yulier','nuñez musa','',NULL,'','cujae','','yulier  nuñez musa','phd','',0,'2013-01-01'),
  (192,'alena','gonzález reyes','85102908295',NULL,'profesor','cujae/mes','agonzalez@ceis.cujae.edu.cu','alena  gonzález reyes',NULL,NULL,0,NULL),
  (193,'orlando j.','rubiera hernández','80040907741',NULL,'profesor universitario','cujae/mes','orubiera@ceis.cujae.edu.cu','orlando j.  rubiera hernández','','',0,NULL),
  (194,'mercedes','delgado fernandez',NULL,NULL,NULL,NULL,NULL,'mercedes  delgado fernandez',NULL,NULL,0,NULL),
  (195,'josé luis','alonso ochoa',NULL,NULL,NULL,NULL,NULL,'josé luis  alonso ochoa',NULL,NULL,0,NULL),
  (196,'aldo','suarez diaz',NULL,NULL,NULL,NULL,NULL,'aldo  suarez diaz',NULL,NULL,0,NULL),
  (197,'debora','oliva alfonso','85051606997',NULL,'especialista','udio/minint','doliva@udio.cujae.edu.cu','','','',0,NULL),
  (198,'alberto','fernandez bienes',NULL,NULL,NULL,NULL,NULL,'alberto  fernandez bienes',NULL,NULL,0,NULL),
  (199,'rafael a.','espin andrade',NULL,NULL,NULL,NULL,NULL,'rafael a.  espin andrade',NULL,NULL,0,NULL),
  (200,'lourdes','hernandez rabell',NULL,NULL,NULL,NULL,NULL,'lourdes  hernandez rabell',NULL,NULL,0,NULL),
  (201,'felix oscar','fernandez peña',NULL,NULL,NULL,NULL,NULL,'felix oscar  fernandez peña','phd',NULL,0,'2007-01-01'),
  (202,'ariel','gamez garcia',NULL,NULL,NULL,NULL,NULL,'ariel  gamez garcia',NULL,NULL,0,NULL),
  (203,'yasser leonardo','bardaji lópez','82110408986',NULL,'profesor','cujae/mes','ybardaji@ceis.cujae.edu.cu','yasser leonardo  bardaji lopez',NULL,NULL,0,NULL),
  (204,'joaquin d.','pina amargos',NULL,NULL,NULL,'cujae',NULL,'joaquin d.  pina amargos','phd',NULL,0,'2004-01-01'),
  (205,'jineth','garcía morera','84082716491',NULL,'especialista','cujae/mes','jgmorera@tesla.cujae.edu.cu','','','',1,NULL),
  (206,'judith de las mercedes','carbonell alfonso','86112104835',NULL,'especialista','biocubafarma','jcarbonell@finlay.edu.cu','','','',2,NULL),
  (207,'anabel','espinosa figueredo','87060306895',NULL,'especialista','citi/minint','aespinosa@udio.cujae.edu.cu','anabel espinosa figueredo','','',0,NULL),
  (208,'ayleen','morales montejo',NULL,NULL,NULL,NULL,NULL,'ayleen  morales montejo',NULL,NULL,0,NULL),
  (209,'alejandro','carmona alfonso',NULL,NULL,NULL,NULL,NULL,'alejandro  carmona alfonso',NULL,NULL,0,NULL),
  (210,'jose ramon','hernandez vega',NULL,NULL,NULL,NULL,NULL,'jose ramon  hernandez vega',NULL,NULL,0,NULL),
  (211,'juan francisco','cabrera ramos',NULL,NULL,NULL,NULL,NULL,'juan francisco  cabrera ramos',NULL,NULL,0,NULL),
  (212,'juan pedro','febles',NULL,NULL,NULL,NULL,NULL,NULL,'phd',NULL,0,NULL),
  (213,'marlis','fulgueira camilo','88042606335',NULL,'especialista','citi/minint','','marlis fulgueira','','',1,NULL),
  (214,'eugenio','carlos rodriguez',NULL,NULL,NULL,NULL,NULL,'eugenio  carlos rodriguez',NULL,NULL,0,NULL),
  (215,'josé','medina pagola',NULL,NULL,NULL,NULL,NULL,NULL,'phd',NULL,0,NULL),
  (216,'elizabeth','capote agüero','87070906914',NULL,'especialista','datys','ecapote@datys.cu','','','',2,NULL),
  (217,'rosmery','nariño lescay',NULL,NULL,NULL,NULL,NULL,'rosmery  nariño lescay',NULL,NULL,0,NULL),
  (218,'osmany','ferrer borges','',NULL,'','','',NULL,'msc/esp','',0,NULL),
  (219,'marianela','díaz rosales',NULL,NULL,NULL,NULL,NULL,'marianela  díaz rosales',NULL,NULL,0,NULL),
  (220,'jormary','llanes rojas','87090509457',NULL,'especialista informático','citi/minint','',NULL,NULL,NULL,0,NULL),
  (221,'julio pablo','martinez prieto',NULL,NULL,NULL,'cujae',NULL,'julio pablo  martinez prieto','phd',NULL,0,'1988-01-01'),
  (222,'maylen','gómez pellón',NULL,NULL,NULL,NULL,NULL,'maylen  gómez pellón',NULL,NULL,0,NULL),
  (223,'elain','hernández lee',NULL,NULL,NULL,NULL,NULL,'elain  hernández lee',NULL,NULL,0,NULL),
  (224,'fernando','garcía santoyo','',NULL,'','cujae/mes','',NULL,'','',0,NULL),
  (225,'leonel','iriarte','',NULL,'','','','','phd','',0,'2009-01-01'),
  (226,'maray','garrido monagas','83112429937',NULL,'investigadora','cih/mes','','','','',2,NULL),
  (227,'iren','lorenzo fonseca','',NULL,'','','',NULL,'phd','',0,NULL),
  (228,'yenisel','gonzález verdecia','87072506891',NULL,'especialista','citi/minint','ygonzalez@udio.cujae.edu.cu','','','',1,NULL),
  (229,'martha dunia','delgado dapena',NULL,NULL,NULL,'cujae',NULL,'martha dunia  delgado dapena','phd',NULL,0,'2006-01-01'),
  (230,'milena','ramos pérez','83093005375',NULL,'especialista','mes','milena@reduniv.edu.cu',NULL,NULL,NULL,2,NULL),
  (231,'raul ruben','castellanos cabrera',NULL,NULL,NULL,NULL,NULL,'raul ruben  castellanos cabrera',NULL,NULL,0,NULL),
  (232,'yumar','sotolongo rivero',NULL,NULL,NULL,NULL,NULL,'yumar  sotolongo rivero',NULL,NULL,0,NULL),
  (233,'humberto','diaz pando',NULL,NULL,NULL,'cujae',NULL,'humberto  diaz pando','phd',NULL,0,'2014-01-01'),
  (234,'rolando','acosta sánchez','',NULL,'','','','rolando  acosta sánchez','msc/esp','',0,NULL),
  (235,'josé ramón','hernández vega','87041406204',NULL,'profesor universitario','cemat-cujae','jvega@cemat.cujae.edu.cu','','','',1,NULL),
  (236,'fernando','picayo lozano','84110906021',NULL,'profesor universitario','cujae/mes','fpicayo@ceis.cujae.edu.cu','fernando  picayo lozano','','',0,NULL),
  (237,'raymer','concepción bernal','',NULL,'','cujae/mes','',NULL,'','',0,NULL),
  (238,'josue david','rios diaz',NULL,NULL,NULL,NULL,NULL,'josue david  rios diaz',NULL,NULL,0,NULL),
  (239,'darlene','gómez suárez','86110604415',NULL,'profesor','cujae/mes','','darlene  gomez suarez',NULL,NULL,0,NULL),
  (240,'danay','pérez ramírez','85032004259',NULL,'profesor universitario','cujae/mes','dperezr@ceis.cujae.edu.cu','danay  pérez ramírez','','',0,NULL),
  (241,'rosabel','zerquera díaz',NULL,NULL,NULL,NULL,NULL,'rosabel  zerquera díaz',NULL,NULL,0,NULL),
  (242,'yanet','fors isalguez','83051005559',NULL,'profesor universitario','cujae/mes','','yanet  fors isalguez','','',0,NULL),
  (243,'rosario caridad','garza rios',NULL,NULL,NULL,NULL,NULL,'rosario caridad  garza rios',NULL,NULL,0,NULL),
  (244,'francis c.','fernandez reyes','',NULL,'','','','francis c.  fernandez reyes','msc/esp','',0,NULL);

COMMIT;

#
# Data for the `asignaturamaestriaimpartida` table  (LIMIT 0,500)
#

INSERT INTO `asignaturamaestriaimpartida` (`id`, `idediciondemaestria`, `idasignaturademaestria`, `idpersona`) VALUES 
  (1,2,14,5),
  (3,2,11,167),
  (5,2,7,204),
  (7,2,19,167),
  (9,1,7,204),
  (11,1,2,54),
  (13,2,5,152),
  (15,1,2,43),
  (17,2,8,152),
  (19,1,8,54),
  (21,2,12,233),
  (23,2,18,43),
  (25,1,2,184),
  (27,1,6,5),
  (29,2,2,221),
  (31,2,9,221),
  (33,2,2,184),
  (35,2,17,229),
  (37,2,6,5),
  (39,2,14,3),
  (41,2,3,167),
  (43,1,9,221);

COMMIT;

#
# Data for the `creditolibre` table  (LIMIT 0,500)
#

INSERT INTO `creditolibre` (`id`, `nombre`, `tipo`, `calificacion`, `creditos`, `idestudiantedemaestria`) VALUES 
  (1,'algoritmos metaheurísticos','curso libre','convalidado',3,13),
  (10,'estadística y probabilidades aplicado a la criptografía','curso libre','convalidado',3,189),
  (11,'cmmi nivel 2 de madurez','curso libre','convalidado',3,181),
  (12,'taller de diseño de experimentos para la ingeniería informática','curso libre','3',3,99),
  (13,'data warehouse como centro de la arquitectura para el apyoy a la toma de decisiones','curso libre','convalidado',3,1),
  (14,'métodos de investigación en ingeniería de software','curso libre','convalidado',3,19),
  (15,'algoritmos metaheurísticos','curso libre','convalidado',3,7),
  (16,'xml','curso libre','convalidado',3,67),
  (17,'métodos de investigación en ingeniería de software','curso libre','convalidado',3,161),
  (18,'algoritmos metaheurísticos','curso libre','convalidado',3,201),
  (19,'algoritmos metaheurísticos','curso libre','convalidado',3,199),
  (2,'algoritmos de minería de datos','curso libre','convalidado',3,65),
  (20,'introducción al diseño de la interacción hombre-máquina','curso libre','convalidado',3,199),
  (21,'parallel computing','curso libre','convalidado',3,87),
  (22,'introducción a la seguridad','curso libre','convalidado',3,87),
  (23,'algoritmos meta-heurísticos','curso libre','convalidado',3,85),
  (24,'agentes inteligentes','curso libre','convalidado',3,27),
  (25,'introducción al diseño de la interacción hombre-máquina','curso libre','convalidado',3,53),
  (26,'introducción al diseño de la interacción hombre-máquina','curso libre','convalidado',3,27),
  (27,'algoritmos de minería de datos','curso libre','convalidado',3,79),
  (28,'algoritmos metaheurísticos','curso libre','convalidado',3,65),
  (29,'taller de diseño de experimentos para la ingeniería','curso libre','convalidado',3,85),
  (3,'introducción al diseño de la interacción hombre-máquina','curso libre','convalidado',3,161),
  (30,'agentes inteligentes','curso libre','convalidado',3,55),
  (31,'control de acceso a sistemas de información','curso libre','convalidado',3,179),
  (32,'data warehouse como centro de la arquitectura para el apyoy a la toma de decisiones','curso libre','convalidado',3,185),
  (33,'algoritmos metaheurísticos','curso libre','convalidado',3,101),
  (34,'algoritmos meta-heurísticos','curso libre','convalidado',3,17),
  (35,'introducción al diseño de la interacción hombre-máquina','curso libre','convalidado',3,55),
  (36,'diseño de sistemas embebidos','curso libre','convalidado',3,145),
  (37,'introducción al diseño de la interacción hombre-máquina','curso libre','convalidado',3,61),
  (38,'procesamiento digital avanzado de imágenes','curso libre','convalidado',3,7),
  (39,'cmmi nivel 2 de madurez','curso libre','5',3,15),
  (4,'algoritmos meta-heurísticos','curso libre','convalidado',3,71),
  (40,'algoritmos metaheurísticos','curso libre','convalidado',3,129),
  (41,'algoritmos meta-heurísticos','curso libre','convalidado',3,21),
  (42,'algoritmos meta-heurísticos','curso libre','convalidado',3,141),
  (43,'tecnología de imágenes médicas','curso libre','convalidado',3,7),
  (44,'métodos de investigación en ingeniería de software','curso libre','convalidado',3,111),
  (45,'algoritmos metaheurísticos','curso libre','convalidado',3,89),
  (46,'introducción al diseño de la interacción hombre-máquina','curso libre','convalidado',3,177),
  (47,'seguridad de las aplicaciones','curso libre','convalidado',3,97),
  (48,'cmmi nivel 2 de madurez','curso libre','convalidado',3,187),
  (49,'algoritmos meta-heurísticos','curso libre','convalidado',3,43),
  (5,'e-business','curso libre','convalidado',3,145),
  (50,'algoritmos meta-heurísticos','curso libre','convalidado',3,123),
  (51,'algoritmos metaheurísticos','curso libre','convalidado',3,79),
  (52,'métodos de investigación en ingeniería de software','curso libre','convalidado',3,177),
  (53,'tecnología xml','curso libre','5',3,99),
  (54,'desarrollo de portales empresariales','curso libre','convalidado',3,129),
  (55,'algoritmos meta-heurísticos','curso libre','convalidado',3,41),
  (56,'diseño de experimentos','curso libre','convalidado',3,55),
  (57,'desarrollo de software guiado por modelos: metodología ndt','curso libre','convalidado',3,107),
  (58,'introducción a la criptografía','curso libre','convalidado',3,97),
  (59,'algoritmos de minería de datos','curso libre','convalidado',3,143),
  (6,'taller de diseño de experimentos para la ingeniería informática','curso libre','convalidado',3,181),
  (60,'algoritmos meta-heurísticos','curso libre','convalidado',3,155),
  (61,'agentes inteligentes','curso libre','convalidado',3,87),
  (62,'algoritmos metaheurísticos','curso libre','convalidado',3,193),
  (63,'algoritmos meta-heurísticos','curso libre','convalidado',3,137),
  (64,'algoritmos de minería de datos','curso libre','convalidado',3,33),
  (65,'algoritmos de minería de datos','curso libre','convalidado',3,101),
  (66,'introducción bd postgre sql','curso libre','convalidado',3,71),
  (67,'introducción a la seguridad','curso libre','convalidado',3,55),
  (68,'algoritmos meta-heurísticos','curso libre','convalidado',3,133),
  (7,'biomateriales en los sistemas biomédicos','curso libre','convalidado',3,7),
  (8,'algoritmos metaheurísticos','curso libre','convalidado',3,187),
  (9,'introducción al diseño de la interacción hombre-máquina','curso libre','5',3,37);

COMMIT;

#
# Data for the `cursopostgrado` table  (LIMIT 0,500)
#

INSERT INTO `cursopostgrado` (`id`, `nombre`, `abreviatura`, `creditos`, `idprofesor`, `tipo`, `fecha`, `fechaacta`, `fechafin`, `fechainicio`) VALUES 
  (1,'matemáticas discretas ','md',3,167,'opcional','2010-06-25','2010-06-25','2010-05-20','2010-04-15'),
  (3,'ingeniería de software ','is',3,229,'basica','2016-05-18','2016-05-18','2016-05-09','2016-04-04'),
  (5,'ingeniería de software ','is',3,221,'basica','2010-03-26','2010-03-26',NULL,NULL),
  (7,'taller de procesamiento paralelo y distribuido','tpd',3,233,'opcional','2016-05-10','2016-06-28','2016-06-14','2016-05-10'),
  (9,'gestión de proyectos informáticos','gpi',3,43,'opcional','2011-09-27','2011-09-27',NULL,NULL),
  (11,'sistemas informáticos inteligentes','sii',3,167,'basica',NULL,'2010-11-10','2010-11-01','2010-10-01'),
  (13,'software de sistemas paralelos y distribuidos','spd',3,3,'opcional','2012-09-16','2012-09-16',NULL,NULL),
  (15,'compresión y cifrado de datos ','ccd',3,3,'opcional','2011-04-29','2011-04-29','2011-04-25','2011-03-07'),
  (17,'taller de ingeniería y gestión de software','tis',3,184,'opcional',NULL,'2012-07-10','2012-07-01','2012-05-01'),
  (19,'calidad del software ','cs',3,229,'opcional','2010-05-10','2010-05-10','2010-02-22','2010-01-02'),
  (21,'sistemas informáticos inteligentes','sii',3,167,'basica',NULL,'2010-05-03','2010-05-03','2010-03-22'),
  (23,'taller de ingeniería y gestión de software','tis',3,184,'opcional','2013-11-04','2013-11-04','2013-07-08','2013-06-03'),
  (25,'bases de datos ','bd',3,152,'basica',NULL,'2014-02-19',NULL,NULL),
  (27,'taller de sistemas informáticos aplicados','tsi',3,165,'opcional','2010-07-16','2010-07-16','2010-05-20','2010-04-06'),
  (29,'sistemas informáticos inteligentes','sii',3,167,'basica','2012-11-05','2012-11-05','2012-10-22','2012-10-01'),
  (31,'matemáticas discretas ','md',3,167,'opcional','2013-06-28','2013-06-28','2013-06-24','2013-06-03'),
  (33,'compresión y cifrado de datos ','ccd',3,5,'opcional','2011-07-21','2011-07-21',NULL,NULL),
  (35,'bases de datos ','bd',3,43,'basica','2010-03-26','2010-03-26',NULL,NULL),
  (37,'matemáticas discretas ','md',3,167,'opcional',NULL,'2012-05-30','2012-05-25','2012-04-10'),
  (39,'bases de datos ','bd',3,152,'basica','2014-04-17','2014-04-17','2014-03-27','2014-02-13'),
  (41,'seminario de investigación e innovación tecnológica','sit',3,5,'forminvest','2010-03-26','2010-03-26',NULL,NULL),
  (43,'taller de sistemas informáticos aplicados','tsi',3,54,'opcional',NULL,'2015-06-08','2015-05-18','2015-04-20'),
  (45,'calidad del software ','cs',3,229,'opcional','2016-05-09','2015-04-06','2015-03-09','2015-02-02'),
  (47,'taller de inteligencia artificial ','tia',3,167,'opcional','2014-02-05','2014-02-05',NULL,NULL),
  (49,'seguridad, riesgos y auditoría informática','sra',3,3,'opcional','2011-11-14','2011-11-14','2011-11-07','2011-09-05'),
  (51,'ingeniería de software ','is',3,221,'basica','2013-04-25','2013-04-25','2013-04-23','2013-01-15'),
  (53,'matemática computacional ','mc',3,167,'opcional',NULL,'2012-05-31','2012-05-08','2012-03-20'),
  (55,'compresión y cifrado de datos ','ccd',3,233,'opcional',NULL,'2015-02-27','2015-02-23','2015-01-26'),
  (57,'matemáticas discretas ','md',3,167,'opcional','2016-05-09','2016-05-09',NULL,NULL),
  (59,'calidad del software ','cs',3,229,'opcional','2013-07-23','2013-07-23',NULL,NULL),
  (61,'bases de datos ','bd',3,39,'basica','2012-04-25','2012-04-25','2012-04-01','2012-02-15'),
  (63,'bases de datos ','bd',3,152,'basica','2012-12-19','2012-12-19','2012-11-09','2012-10-01'),
  (65,'gestión de proyectos informáticos','gpi',3,43,'opcional','2013-06-06','2013-06-06','2013-04-22','2013-03-04'),
  (67,'taller de ingeniería y gestión de software','tis',3,221,'opcional','2013-02-22','2013-02-22','2013-02-20','2013-01-21'),
  (69,'gestión de proyectos informáticos','gpi',3,43,'opcional',NULL,'2010-06-10','2010-06-08','2010-04-21'),
  (71,'matemática computacional ','mc',3,167,'opcional','2012-12-12','2012-12-12',NULL,NULL),
  (73,'seminario de investigación e innovación tecnológica','sit',3,5,'forminvest',NULL,'2014-06-25','2014-05-21','2014-03-12'),
  (75,'seguridad, riesgos y auditoría informática','sra',3,5,'opcional','2011-09-05','2011-09-05',NULL,NULL),
  (77,'taller de auditoría y seguridad informática','tas',3,3,'opcional','2015-02-24','2015-02-24','2015-02-17','2015-01-20'),
  (79,'ingeniería de software ','is',3,221,'basica',NULL,'2010-06-30','2010-06-08','2010-04-26'),
  (81,'ingeniería de software ','is',3,184,'basica','2011-04-20','2011-04-20','2011-04-11','2011-03-10'),
  (83,'gestión de proyectos informáticos','gpi',3,43,'opcional',NULL,'2012-06-05','2012-05-29','2012-04-24'),
  (85,'seminario de investigación e innovación tecnológica','sit',3,5,'forminvest','2012-11-30','2012-11-30','2012-11-12','2012-10-01'),
  (87,'ingeniería de software ','is',3,221,'basica',NULL,'2014-02-26',NULL,NULL),
  (89,'sistemas informáticos inteligentes','sii',3,167,'basica','2014-04-24','2014-04-24','2014-04-10','2014-03-13'),
  (91,'sistemas informáticos inteligentes','sii',3,167,'basica','2010-03-26','2010-03-26',NULL,NULL),
  (93,'taller de inteligencia artificial ','tia',3,5,'opcional','2012-05-29','2012-05-29','2012-05-08','2012-04-03'),
  (95,'matemática computacional ','mc',3,167,'opcional','2010-05-11','2010-05-11','2010-04-14','2010-02-10'),
  (97,'seminario de investigación e innovación tecnológica','sit',3,5,'forminvest',NULL,'2015-06-25','2015-05-19','2015-04-14'),
  (99,'taller de inteligencia artificial ','tia',3,167,'opcional','2010-05-05','2010-05-05','2010-04-22','2010-03-17'),
  (101,'seminario de investigación e innovación tecnológica','sit',3,5,'forminvest',NULL,'2010-12-16','2010-12-10','2010-09-07'),
  (103,'arquitecturas de computadoras y redes','acr',3,204,'basica',NULL,'2014-02-12',NULL,NULL),
  (105,'arquitecturas de computadoras y redes','acr',3,201,'basica','2011-10-11','2011-10-11','2011-10-01','2011-07-01'),
  (107,'gestión de proyectos informáticos','gpi',3,43,'opcional','2016-05-09','2016-05-09',NULL,NULL),
  (109,'arquitecturas de computadoras y redes','acr',3,204,'basica','2013-07-22','2013-07-22','2013-05-28','2013-04-09'),
  (111,'taller de sistemas informáticos aplicados','tsi',3,152,'opcional',NULL,'2011-05-03','2011-03-01','2011-01-01'),
  (113,'arquitecturas de computadoras y redes','acr',3,204,'basica','2014-06-30','2014-06-30','2014-06-16','2014-05-05'),
  (115,'taller de sistemas informáticos aplicados','tsi',3,152,'opcional','2013-03-05','2013-06-26','2013-06-10','2013-05-06'),
  (117,'taller de sistemas informáticos aplicados','tsi',3,152,'opcional',NULL,'2013-03-05','2013-02-18','2013-01-14'),
  (119,'taller de ingeniería y gestión de software','tis',3,109,'opcional',NULL,'2015-02-09','2015-01-13','2014-12-03'),
  (121,'bases de datos ','bd',3,43,'basica',NULL,'2011-03-04','2011-02-28','2011-02-01'),
  (123,'taller de inteligencia artificial ','tia',3,5,'opcional','2010-03-26','2010-03-26','2010-02-17','2009-10-30'),
  (125,'taller de auditoría y seguridad informática','tas',3,5,'opcional','2016-03-08','2016-04-26','2016-04-12','2016-03-08'),
  (127,'arquitecturas de computadoras y redes','acr',3,204,'basica','2010-03-26','2010-03-26',NULL,NULL),
  (129,'taller de ingeniería y gestión de software','tis',3,184,'opcional','2010-07-05','2010-07-05','2010-04-12','2010-03-08'),
  (131,'ingeniería de software ','is',3,221,'basica','2014-07-17','2014-07-17','2014-05-29','2014-04-03'),
  (133,'calidad del software ','cs',3,229,'opcional',NULL,'2011-06-05','2011-05-01','2011-02-01'),
  (134,'taller de auditoría y seguridad informática','tas',3,3,'opcional','2011-05-30','2011-05-30','2011-05-23','2011-04-11'),
  (135,'seminario de investigación e innovación tecnológica','sit',3,23,'forminvest','2014-02-17','2014-02-17',NULL,NULL),
  (136,'matemáticas discretas ','md',3,23,'opcional','2011-07-21','2011-07-21','2011-06-01','2011-05-01'),
  (137,'matemática computacional ','mc',3,167,'opcional','2016-05-09','2016-05-09',NULL,NULL),
  (138,'taller de gestión de tecnologías de la información','tgt',3,39,'opcional','2011-06-21','2011-06-21','2011-06-07','2011-05-03'),
  (139,'taller de sistemas informáticos aplicados','tsi',3,152,'opcional','2011-05-03','2011-05-03','2011-03-01','2011-01-01'),
  (140,'sistemas informáticos inteligentes','sii',3,167,'basica',NULL,'2014-02-10',NULL,NULL),
  (141,'arquitecturas de computadoras y redes','acr',3,178,'basica','2011-04-20','2011-04-20','2011-03-30','2011-03-18'),
  (142,'seminario de investigación e innovación tecnológica','sit',3,5,'forminvest',NULL,'2010-12-16','2010-12-01','2010-10-01'),
  (143,'taller de auditoría y seguridad informática','tas',3,5,'opcional','2012-11-14','2012-11-14','2012-11-12','2012-09-18');

COMMIT;

#
# Data for the `cursosenedicion` table  (LIMIT 0,500)
#

INSERT INTO `cursosenedicion` (`idediciondemaestria`, `idcursopostgrado`, `id`) VALUES 
  (1,113,1),
  (1,131,2),
  (1,73,3),
  (1,43,4),
  (1,89,5),
  (1,39,6),
  (1,57,7),
  (1,137,8),
  (1,47,9),
  (1,107,10),
  (1,45,11),
  (1,7,12),
  (1,125,13),
  (1,3,14),
  (1,135,15),
  (1,97,16),
  (1,103,17),
  (1,25,18),
  (1,87,19),
  (1,140,20),
  (1,119,21),
  (3,127,22),
  (3,35,23),
  (3,5,24),
  (3,91,25),
  (3,41,26),
  (3,9,27),
  (3,138,28),
  (3,49,29),
  (3,139,30),
  (3,15,31),
  (3,27,32),
  (3,129,33),
  (3,1,34),
  (3,95,35),
  (3,19,36),
  (3,134,37),
  (3,99,38),
  (3,123,39),
  (3,105,40),
  (3,61,41),
  (3,136,42),
  (3,141,43),
  (3,81,44),
  (3,13,45),
  (3,93,46),
  (3,101,47),
  (3,142,48),
  (3,121,49),
  (3,79,50),
  (3,11,51),
  (3,21,52),
  (3,133,53),
  (3,69,54),
  (3,83,55),
  (3,53,56),
  (3,37,57),
  (3,17,58),
  (3,111,59),
  (2,109,60),
  (2,63,61),
  (2,59,62),
  (2,65,63),
  (2,51,64),
  (2,71,65),
  (2,31,66),
  (2,85,67),
  (2,29,68),
  (2,143,69),
  (2,23,70),
  (2,67,71),
  (2,115,72),
  (2,55,73),
  (2,77,74),
  (2,75,75),
  (2,33,76),
  (2,117,77);

COMMIT;

#
# Data for the `tesis` table  (LIMIT 0,500)
#

INSERT INTO `tesis` (`id`, `titulo`, `institucion`, `tipo`, `ano`, `pais`) VALUES 
  (1,'minería de datos aplicada a la gestión docente del instituto superior politécnico josé antonio echeverría sobre un almacén de datos','instituto superior politécnico josé antonio echeverría','trabajo final de diploma',2012,'cuba'),
  (3,'minería de procesos aplicada al proceso de declaración de mercancías en la agr','facultad de ingeniería informática instituto superior politécnico ?josé antonio echeverría?','msc/esp',2012,'cuba'),
  (5,'integración del módulo peticiones y citas a un sistema de información hospitalaria.','cujae','trabajo final de diploma',2013,'cuba'),
  (7,'solución de inteligencia de negocio para clasificar clientes bancarios mediante criterios de expertos y técnicas de minería de datos','instituto superior politécnico  ?josé antonio echeverría?','trabajo final de diploma',2015,'cuba'),
  (9,'una metodología para el desarrollo de aplicaciones utilizando osgi en el sistema operativo android','cujae','trabajo final de diploma',2013,'cuba'),
  (11,'propuesta del modelo de arquitectura esb para la integración de servicios de información en el contexto institucional cujae.','cujae','trabajo final de diploma',2014,'cuba'),
  (13,'componente de aritmética para las familias de curvas elípticas de weierstrass, jacobi, hess y edward','citi','trabajo final de diploma',2013,'cuba'),
  (15,'un modelo para la implementación de la  seguridad de una aplicación web con el uso  de la programación orientada a aspectos','cujae','msc/esp',2012,'cuba'),
  (17,'biblioteca de heurísticas de construcción para el problema de ruteo de camiones y remolques','instituto superior politécnico josé antonio echeverría','trabajo final de diploma',2014,'cuba'),
  (19,'solución para garantizar single sign-on en aplicaciones web empresariales','cujae','msc/esp',2012,'cuba'),
  (21,'infopaas. sistema para la gestión y el análisis de los datos del proyecto de apoyo a una agricultura sostenible en cuba','instituto superior politécnico ¨josé antonio echeverría¨','trabajo final de diploma',2015,'cuba'),
  (23,'solución informática para la gestión de incidencias y el monitoreo de equipamiento en centros de datos de etecsa','cujae','trabajo final de diploma',2014,'cuba'),
  (25,'línea base de la arquitectura del módulo de registro de trazas del sistema sigenu','cujae','trabajo final de diploma',2013,'cuba'),
  (27,'gestión  de metadatos sobre archivos digitales de la suite de microsoft office 2003','citi','trabajo final de diploma',2013,'cuba'),
  (29,'propuesta de guía de selección tecnológica para el desarrollo de entornos virtuales 3d para dispositivos móviles','facultad de ingeniería informática, cujae','trabajo final de diploma',2014,'cuba'),
  (31,'algoritmos evolutivos para la extracción de reglas de asociación cuantitativas','universidad de granada','drcs',2014,'españa'),
  (33,'minería de datos aplicada a los registros de navegación por internet en la dirección de redes y seguridad informática de la universidad de ciencias informáticas.','universidad de la habana, facultad de matemática y computación','msc/esp',2011,'cuba'),
  (35,'integración de modelos de reglas de asociación obtenidos de múltiples fuentes de datos','facultad de ingeniería informática, cujae','msc/esp',2010,'cuba'),
  (37,'teamsoft: sistema para la gestión del trabajo en equipo en el desarrollo de proyectos de software. versión 4.0. integración con otras aplicaciones del entorno citi','cujae','trabajo final de diploma',2012,'cuba'),
  (39,'mecanismo genérico para la generación de reportes a partir de objetos de openehr','cujae','trabajo final de diploma',2012,'cuba'),
  (41,'gestión de metadatos para archivos digitales de microsoft office','citi','trabajo final de diploma',2013,'cuba'),
  (43,'inteligencia analítica en biadviser enterprise','cujae','trabajo final de diploma',2015,'cuba'),
  (45,'nueva versión de la biblioteca de clases biciam.','cujae','trabajo final de diploma',2012,'cuba'),
  (47,'algoritmos evolutivos aplicados al problema de asignación de recursos humanos a equipos de proyecto de software','cujae','msc/esp',2013,'cuba'),
  (49,'mecanismo para la descripción y recuperación de videos por contenido sobre java utilizando las bibliotecas hibernate y lucene?','facultad informatica, cujae','trabajo final de diploma',2014,'cuba'),
  (51,'esquema de metadatos para el intercambio de la información generada por el sistema vides','facultad informatica, cujae','trabajo final de diploma',2014,'cuba'),
  (53,'paralelización de los algoritmos demoduladores: detector de envolvente y lazo cuadrático','cujae','trabajo final de diploma',2014,'cuba'),
  (55,'propuesta de integración de stop-crim en un entorno ministerial','cujae','trabajo final de diploma',2011,'cuba'),
  (57,'comparación de métodos de selección de atributos para la clasificación supervisada','cujae','trabajo final de diploma',2015,'cuba'),
  (59,'identificación de personas mediante la construcción aleatoria de rostros aplicando algoritmos metaheurísticos','cujae','trabajo final de diploma',2012,'cuba'),
  (61,'bipre: biblioteca de preprocesamiento de registros de eventos para aplicar minería de datos','cujae','trabajo final de diploma',2014,'cuba'),
  (63,'incorporación a la herramienta kinme de algoritmos para la selección de reglas de asociación en minería de datos distribuidas.','cujae','trabajo final de diploma',2015,'cuba'),
  (65,'diseño e implementación de la arquitectura de una herramienta de estegoanálisis','cujae','trabajo final de diploma',2011,'cuba'),
  (67,'administración y seguridad para la herramienta biadviserweb','facultad de informática','trabajo final de diploma',2013,'cuba'),
  (69,'solución para el monitoreo de la información generada en equipos de rayos x utilizados en la inspección de equipajes','citi','trabajo final de diploma',2012,'cuba'),
  (71,'herramienta para la síntesis en una escena mediante avatargrafías','fac. informática, cujae','trabajo final de diploma',2012,'cuba'),
  (73,'módulo de dashboard de biadviserweb','facultad de informática','trabajo final de diploma',2013,'cuba'),
  (75,'ingenias: incorporando análisis de requisitos','facultad de informática','msc/esp',2011,'cuba'),
  (77,'documentación y migración tecnológica del marco de trabajo de la unidad docente.','cujae','trabajo final de diploma',2013,'cuba'),
  (79,'sistema para la simulación de los procesos de digestión anaerobia','instituto superior politécnico \"josé antonio echeverría\"','trabajo final de diploma',2014,'colombia'),
  (81,'componente para la transformación de modelos de procesos de negocio','cujae','trabajo final de diploma',2013,'cuba'),
  (83,'nueva versión de la biblioteca de clases biciam para solucionar problemas multiobjetivo','cujae','trabajo final de diploma',2014,'cuba'),
  (85,'modelo de referencia para el desarrollo de una solución de punto final para la prevención de fuga de datos.','cujae','msc/esp',2015,'cuba'),
  (87,'aplicación para transferencia segura de datos entre dispositivos móviles.','cujae','trabajo final de diploma',2013,'cuba'),
  (89,'integración de modelos obtenidos a partir de fuentes de datos homogéneas mediante inducción de árboles de decisión','instituto superior politénico josé antonio echeverría','trabajo final de diplomado',2009,''),
  (91,'definición de proceso de laboratorio de pruebas en el citi','minint','msc/esp',2012,'cuba'),
  (93,'extensión del compilador gcc para la ofuscación automatizada de software basada en el aplanamiento del grafo de llamadas','cujae','trabajo final de diploma',2015,'cuba'),
  (95,'herramienta para la elaboración de retratos hablados. módulo de configuración','cujae','trabajo final de diploma',2013,'cuba'),
  (97,'aplicación del algoritmo genético en el problema de la planificación de tareas','facultad de ingeniería informática, cujae','trabajo final de diploma',2013,'cuba'),
  (99,'diseño de un medio de cómputo paralelo empleando componentes de hardware comerciales','citi','trabajo final de diploma',2011,'cuba'),
  (101,'integración de las herramientas jppf y jcuda para la ejecución de aplicaciones de alto rendimiento en java utilizando la gpu','citi','trabajo final de diploma',2013,'cuba'),
  (103,'una solución para informatizar el sistema de métricas del modelo cuantitativo para evaluar la calidad de los productos de software','instituto superior politécnico ?josé antonio echeverría?','trabajo final de diploma',2014,'cuba'),
  (105,'propuesta de desarrollo de proyectos informáticos para las condiciones del citi','citi','trabajo final de diploma',2010,'cuba'),
  (107,'servicio de directorio para consultas basadas en la localización','instituto superior politécnico josé antonio echeverría','trabajo final de diploma',2012,'cuba'),
  (109,'propuesta para la construcción automática del horario docente de la facultad de ingeniería informática del instituto superior politécnico ?josé antonio echeverría? aplicando algoritmos metaheurísticos.','facultad de ingeniería informática, cujae','trabajo final de diploma',2013,'cuba'),
  (111,'optimización del uso de pivotes en tareas de búsqueda y clasificación','universidad de alicante','drc',2012,'españa'),
  (113,'simulación de algunos aspectos importantes de la dinámica de vehículos de dos ejes','fac. mecánica, cujae','trabajo final de diploma',2013,'cuba'),
  (115,'integración de métodos para la desambiguación del sentido de las palabras en el contexto del procesamiento del lenguaje natural.','ispjae','msc/esp',2011,'cuba'),
  (117,'nueva versión del módulo de navegación por mapas para biadviser enterprise','cujae','trabajo final de diploma',2015,'cuba'),
  (119,'propuesta de juez en linea orientado a servicios web para realizar competencias de programacion acm-icpc','facultad de ingeniería informática, cujae','trabajo final de diploma',2013,'cuba'),
  (121,'componente para generar valores de casos de prueba funcionales maximizando la cobertura de los escenarios (gevaf)','facultad de ingenier''ia informática. cujae.','trabajo final de diploma',2015,'cuba'),
  (123,'comparación de algoritmos metaheurísticos en el problema de particionado de grafos','instituto superior politécnico ?josé antonio echeverría?. facultad de ingeniería informática','trabajo final de diploma',2011,'cuba'),
  (125,'empleo de minería de datos para el estudio de diabetes','ceis, facultad de ingeniería informática, cujae','msc/esp',2010,'cuba'),
  (127,'gestión de alertas dentro del sistema biadviserweb','cujae','trabajo final de diploma',2013,'cuba'),
  (129,'algoritmo multigenerador de soluciones para la competencia y colaboración de generadores metaheurísticos','algoritmo multigenerador de soluciones para la competencia y colaboración de generadores metaheurísticos','msc/esp',2010,'cuba'),
  (131,'herramienta para la visualización y edición de datos espaciales almacenados en bases de datos oracle','instituto superior politécnico josé antonio echeverría','trabajo final de diploma',2012,'cuba'),
  (133,'capa de integración de servicios para el  portal de tele formación de la cujae','instituto superior politécnico josé antonio echeverría','trabajo final de diploma',2012,'cuba'),
  (135,'componente para la gestión de una biblioteca de objetos 3d','cujae','trabajo final de diploma',2011,'cuba'),
  (137,'componente para obtener ficheros xes en agentes jade','instituto superior politécnico \"josé antonio echeverría\"','trabajo final de diploma',2014,'cuba'),
  (139,'detección de pistolas en imágenes de rx','cujae','trabajo final de diploma',2013,'cuba'),
  (141,'ampliación del cartucho jsf2 para la generación automática de aplicaciones crud','cujae','trabajo final de diploma',2012,'cuba'),
  (143,'propuesta de herramienta para aplicar md en entornos complejos','citi-cujae','trabajo final de diploma',2012,'cuba'),
  (145,'propuesta de transformación de los requisitos tempranos y tardíos de i* al modelo del negocio de rup','instituto superior politécnico \"josé antonio echeverría\", facultad de ingeniería informática','trabajo final de diploma',2013,'cuba'),
  (147,'subsistema para el borrado seguro de archivos nativos del sistema operativo windows','cujae','trabajo final de diploma',2014,'cuba'),
  (149,'arquitectura de desarrollo del proyecto informatización de la criminalística cubana','cujae','msc/esp',2011,'cuba'),
  (151,'comparación de algoritmos metaheurísticos en el problema del coloreado de grafos','instituto superior politécnico ?josé antonio echeverría?. facultad de ingeniería informática','trabajo final de diploma',2011,'cuba'),
  (153,'control de eventos en escenas simuladas','fac. informática, cujae','trabajo final de diploma',2013,'cuba'),
  (155,'patrones para incorporar proactividad','facultad de ingeniería informática, cujae','trabajo final de diploma',2012,'cuba'),
  (157,'sistema de gestion  para la direccion de relaciones internacionales del mes. modulo para la gestion de delegaciones','instituto superior politécnico ¨josé antonio echeverría¨','trabajo final de diploma',2015,'cuba'),
  (159,'infraestructura de datos espaciales: análisis de redes viales en  arcgis.','instituto superior politécnico ?josé antonio echeverría?. facultad de ingeniería informática','trabajo final de diploma',2011,'cuba'),
  (161,'patrón de implementación proactive interpreter_jade: consultas complejas','instituto superior politécnico \"josé antonio echeverría\"','trabajo final de diploma',2014,'cuba'),
  (163,'propuesta para la recuperación de información desde un modelo persistente de openehr','cujae','trabajo final de diploma',2012,'cuba'),
  (165,'una propuesta paralela para la recuperación rápida de visibilidad en imágenes en colores y escala de grises en dispositivos gráficos','cujae','trabajo final de diploma',2014,'cuba'),
  (167,'algoritmos evolutivos frente al problema de la mochila dinámico','cujae','trabajo final de diploma',2014,'cuba'),
  (169,'componente para la generación automática de caminos para casos de prueba','citi cujae','trabajo final de diploma',2012,'cuba'),
  (171,'comparación de algortimos metaheurísticos en una variante del problema de cubrimiento de vértices.','instituto superior politécnico ?josé antonio echeverría?. facultad de ingeniería informática','trabajo final de diploma',2011,'cuba'),
  (173,'patrones para incorporar proactividad en sistemas informáticos','instituto superior politécnico \"josé antonio echeverría\"','drc',2014,'cuba'),
  (175,'implementación del esquema de firma digital ecdsa sobre el procesador embebido microblaze','cujae','trabajo final de diploma',2012,'cuba'),
  (177,'incorporación de algoritmos de reglas de asociación y de agrupamiento a la herramienta knime','cujae','trabajo final de diploma',2013,'cuba'),
  (179,'propuesta de lineamientos para el desarrollo de proyectos jee bajo el paradigma mda con andromda','cujae','msc/esp',2012,'cuba'),
  (181,'paralelización de los algoritmos demoduladores: detector o de envolvente y lazo cuadrático','facultad informatica, cujae','trabajo final de diploma',2014,'cuba'),
  (183,'fusión jade-rabbitmq: solución al fallo de comunicación entre agentes','facultad de ingeniería informática, instituto superior politécnico \"josé antonio echeverría\"','trabajo final de diploma',2015,'cuba'),
  (185,'incorporación de nodos de pre - procesamiento de trazas de procesos a la herramienta knime','cujae','trabajo final de diploma',2014,'cuba'),
  (187,'incorporación de nuevas funcionalidades a un sistema de medidas de gestión de proyectos','instituto superior politécnico josé antonio echeverría','trabajo final de diploma',2015,'cuba'),
  (189,'modelos y estrategias de partición hardware/software en el co-diseño de sistemas embebidos','universidad de alicante','drc',2014,'españa'),
  (191,'herramienta para realizar agrupamiento basado en los cambios estructurales del proceso en la dimension tiempo.','cujae','trabajo final de diploma',2014,'cuba'),
  (193,'aplicación para transferir archivos con la utilización del protocolo de transferencia segura de datos (ptsd)','cujae-ismi','trabajo final de diploma',2013,'cuba'),
  (195,'paralelización del algoritmo de mineria de datos expectación-maximización','cujae','trabajo final de diploma',2014,'cuba'),
  (197,'variantes aceleradas del algoritmo non-local means, aplicando técnicas de paralelismo sobre dispositivos heterogéneos','facultad informatica, cujae','trabajo final de diploma',2014,'cuba'),
  (199,'propuesta para la construccion automatica del calendario del festival internacional del nuevo cine latinoamericano aplicando algoritmos metaheuristicos','facultad de ingeniería informática, cujae','trabajo final de diploma',2013,'cuba'),
  (201,'fuic','cujae','trabajo final de diploma',2011,'cuba'),
  (203,'cartucho de andromda para jsf interpretando nueva estrategia de modelado','cujae','msc/esp',2009,'cuba'),
  (205,'sistema para la gestión y planificación de la producción en la empresa laboratorios aica','empresa laboratorios aica y facultad de informática','trabajo final de diploma',2013,'cuba'),
  (207,'estimación de distancias a partir de avatargrafías','fac. informática, cujae','trabajo final de diploma',2012,'cuba'),
  (209,'modelo no determinista para la auto-verificación de integridad de componentes de software','universidad de alicante','drc',2013,'españa'),
  (211,'proceso de pruebas para soluciones de software en un laboratorio de calidad','instituto superior politécnico josé antonio echeverría','msc/esp',2012,'cuba'),
  (213,'obtención del algoritmo generador de números pseudo aleatorios de windows xp mediante ingeniería inversa','cujae','trabajo final de diploma',2011,'cuba'),
  (215,'sistema para la gestión de consultas y procedimientos de cirugía refractiva','cujae','trabajo final de diploma',2015,'cuba'),
  (217,'integración de fuzzypred 2.0 en knime','facultad de ingeniería informática - cujae','trabajo final de diploma',2014,'cuba'),
  (219,'procedimiento para la realización de pruebas unitarias después de la codificación','instituto superior politécnico josé antonio echeverría','trabajo final de diploma',2013,'cuba'),
  (221,'incorporación de análisis estadísticos a masfi*','instituto superior politécnico ?josé antonio echeverría?, cujae','trabajo final de diploma',2014,'cuba'),
  (223,'incorporación de proactividad a los agentes del observatorio tecnológico del citi','instituto superior politécnico \"josé antonio echeverría\", facultad de ingeniería informática','trabajo final de diploma',2013,'cuba'),
  (225,'sistema para la obtención y análisis de patrones de contraste por parte de usuarios no expertos','cujae','trabajo final de diploma',2015,'cuba'),
  (227,'aplicación para la representación de la situación naval en las costas cubanas','instituto superior politécnico josé antonio echeverría','trabajo final de diploma',2012,'cuba'),
  (229,'patrones de implementación para agentes jade','facultad de ingeniería informática, instituto superior politécnico \"josé antonio echeverría\"','msc/esp',2014,'cuba'),
  (231,'obtención de parámetros iniciales, a partir de los finales, de la simulación del comportamiento físico de un cuerpo usando metaheurísticas','fac. informática, cujae','trabajo final de diploma',2013,'cuba'),
  (233,'desarrollo de una solución de análisis de datos como soporte al sistema de métricas del citi','instituto superior politécnico josé antonio echeverría','trabajo final de diploma',2013,'cuba'),
  (235,'herramienta de simulación basada en agentes a partir de la captura de requisitos en i*','instituto superior politécnico \"josé antonio echeverría\", facultad de ingeniería informática','trabajo final de diploma',2013,'cuba'),
  (237,'comparación de algoritmos metaheurísticos en el problema de la planificación de tareas.','facultad de ingeniería informática','trabajo final de diploma',2012,'cuba'),
  (239,'una solución al problema del corte máximo haciendo uso de la biblioteca de clases biciam','instituto superior politécnico ?josé antonio echeverría?. facultad de ingeniería informática','trabajo final de diploma',2009,'cuba'),
  (241,'guía para la implantación de la tecnología de oracle irm en un entorno empresarial','cujae','trabajo final de diploma',2014,'cuba'),
  (243,'sistema de despacho de pasajeros','citi','trabajo final de diploma',2012,'cuba'),
  (245,'informatización de un modelo cuantitativo para la evaluación de la calidad de los productos de software basado en el enfoque meta - pregunta - métrica.','cujae','trabajo final de diploma',2015,'cuba'),
  (247,'parser adl para la generación dinámica de interfaces web. versión 2.','cujae','trabajo final de diploma',2014,'cuba'),
  (249,'componentes de gestión de metadatos sobre los archivos digitales de la suite ofimática de open office y el formato de documento portable','informática','trabajo final de diploma',2013,'cuba'),
  (251,'?mecanismo para la búsqueda de videos descritos?','citi','trabajo final de diploma',2012,'cuba'),
  (253,'propuesta de clúster de alto rendimiento basada en una arquitectura de hardware híbrida','cujae','trabajo final de diploma',2014,'cuba'),
  (255,'obtención de predicados difusos basado en técnicas de agrupamiento','facultad de ingeniería informática- cujae','trabajo final de diploma',2014,'cuba'),
  (257,'ajustes proactivos para un algoritmo genético','facultad de ingeniería informática, instituto superior politécnico \"josé antonio echeverría\"','trabajo final de diploma',2015,'cuba'),
  (259,'sigenu-dss-lite sistema de apoyo para la toma de decisiones en un centro de educación superior','cujae','trabajo final de diploma',2013,'cuba'),
  (261,'método para la generación de grafos de asociación a partir de texto.','instituto superior politécnico josé antonio echeverría','trabajo final de diploma',2012,'cuba'),
  (263,'sistema de control e inventario centralizado para el hardware de la pc','cujae','trabajo final de diploma',2012,'cuba'),
  (265,'modelos para el desarrollo de dashboards inteligentes basado en un análisis de metas','facultad de ingeniería informática, instituto superior politécnico \"josé antonio echeverría\"','msc/esp',2015,'cuba'),
  (267,'herramienta de borrado seguro para windows. versión 2.','cujae','trabajo final de diploma',2011,'cuba'),
  (269,'propuesta de modelado e implementación de un archivo de datos históricos para openehr','cujae','trabajo final de diploma',2013,'cuba'),
  (271,'sistema para la traducción de protocolos en el módulo emisor ice','cujae','trabajo final de diploma',2011,'cuba'),
  (273,'refinamiento del método para desarrollo de soluciones bpm en los entornos tecnológicos jbpm, processmaker y yawl','cujae','trabajo final de diploma',2015,'cuba'),
  (275,'algoritmos de trayectoria multiobjetivo aplicados al problema de asignación de recursos humanos a equipos de proyecto de software','ispjae','msc/esp',2012,'cuba'),
  (277,'controlador de patrones para jade','instituto superior politécnico \"josé antonio echeverría\", facultad de ingeniería informática','trabajo final de diploma',2013,'cuba'),
  (279,'extensión de la herramienta masfi* con las dependencias relacionales','instituto superior politécnico \"josé antonio echeverría\"','trabajo final de diploma',2014,'cuba'),
  (281,'gestión de perfiles de usuarios y búsquedas en un observatorio tecnológico','instituto superior politécnico \"josé antonio echeverría\", facultad de ingeniería informática','trabajo final de diploma',2013,'cuba'),
  (283,'incorporación de algoritmos evolutivos multi-objetivos para extraer  reglas de asociación cuantitativas a la herramienta knime','cujae','trabajo final de diploma',2014,'cuba'),
  (285,'gestión de metadatos en archivos digitales. mensajes de correo electrónico eml','cujae','trabajo final de diploma',2012,'cuba'),
  (287,'componente de aritmética para curvas elípticas definidas sobre campos finitos primos en forma de weierstrass, edward, jacobi y hess.','informática','trabajo final de diploma',2013,'cuba'),
  (289,'tropos i*conversión de artefactos a ingenias','facultad de informática','trabajo final de diploma',2011,'cuba'),
  (291,'modificaciones al cartucho ejb2 de andromda para modelar los atributos de seguridad','cujae','msc/esp',2012,'cuba'),
  (293,'herramienta extensible de analisis  ?  ? tecnico de senales bfsk y bpsk (heats)','facultad informatica, cujae','trabajo final de diploma',2014,'cuba'),
  (295,'desarrollo de patrones para detectar proactividad en sistemas informáticos','instituto superior politécnico \"josé antonio echeverría\"','trabajo final de diploma',2014,'cuba'),
  (297,'propuesta de herramienta para la experimentación con biciam','facultad de ingeniería informática','trabajo final de diploma',2012,'cuba'),
  (299,'paralelización del algoritmo criptográfico gost empleando cuda.','citi','trabajo final de diploma',2012,'cuba'),
  (301,'guía para la auditoria informática a la seguridad de la base de datos del sistema de gestión del plan curricular de la universidad agostinho neto','universidad agostinho neto','msc/esp',2012,'angola'),
  (303,'sistema de gestión de información para la presidencia del instituto de historia  de cuba','instituto de historia  de cuba','trabajo final de diploma',2015,'cuba'),
  (305,'módulo de indicadores para la herramienta biadviserweb','facultad de informática','trabajo final de diploma',2013,'cuba'),
  (307,'sistema para la gestión de la información del servicio de hospedaje de aplicaciones y sitios web en los servidores de citmatel','ispjae','trabajo final de diploma',2012,'cuba'),
  (309,'construcción de un dashboard usando la filosofía de agentes y un enfoque orientado a metas','facultad de ingeniería informática, instituto superior politécnico \"josé antonio echeverría\"','trabajo final de diploma',2015,'cuba'),
  (311,'propuesta de desarrollo business intellegence para plataforma móvil','cujae','trabajo final de diploma',2013,'cuba'),
  (313,'descriptores para la caracterización cuantitativa de la calidad del sistema de inspección aduanal de equipajes por rayos-x: modelo cx5030t','ispjae','trabajo final de diploma',2012,'cuba'),
  (315,'sistema para optimizar los recorridos según la planificación de los servicios de seisa.','cujae','trabajo final de diploma',2013,'cuba'),
  (317,'paralelización del algoritmo criptográfico gost empleando cuda','cujae','trabajo final de diploma',2012,'cuba'),
  (319,'componente para la calibración de cámaras digitales','fac. informática, cujae','trabajo final de diploma',2013,'cuba'),
  (321,'estudio de los procesos de un sistema multi-agente mediante la minería de procesos','instituto superior politécnico \"josé antonio echeverría\"','trabajo final de diploma',2014,'cuba'),
  (323,'plugin para pruebas de rendimiento a bibliotecas de software utilizando la programación orientada a aspectos en java.','cujae','trabajo final de diploma',2015,'cuba'),
  (325,'modelado de variantes del problema del viajante de comercio dinámico.','cujae','trabajo final de diploma',2014,'cuba'),
  (327,'módulo para la simulación de accidentes de tránsito','fac. informática, cujae','trabajo final de diploma',2012,'cuba'),
  (329,'propuesta de arquitectura para la extensibilidad dinámica de aplicaciones informáticas. caso de prueba en realidad virtual','fac. informática, cujae','trabajo final de diploma',2012,'cuba'),
  (331,'componentes de gestión de metadatos sobre archivos digitales de la suite de microsoft office 2003','informática','trabajo final de diploma',2013,'cuba'),
  (333,'gestión y navegación de los kpi en biadviserweb','cujae','trabajo final de diploma',2013,'cuba'),
  (335,'un modelo para la asignación de recursos humanos a equipos de proyectos de software','instituto superior politécnico \"josé antonio echeverría\"','drc',2009,'cuba'),
  (337,'componentes de cifrado simétrico sobre microblaze basados en los estándares aes y gost','citi-cujae','trabajo final de diploma',2012,'cuba'),
  (339,'incorporación de metaheurísticas proactivas a biciam siguiendo la filosofía de agentes','facultad de ingeniería informática, instituto superior politécnico \"josé antonio echeverría\"','trabajo final de diploma',2015,'cuba'),
  (341,'desarrollo de un sistema de soporte para la toma de decisiones en un centro de educación superior - sigenu-dss','cujae','trabajo final de diploma',2011,'cuba'),
  (343,'aplicación de algoritmos metaheurísticos basados en un punto y en poblaciones al problema de descubrimiento de modelos de procesos.','cujae','trabajo final de diploma',2014,'cuba'),
  (345,'sistemas para la gestión de encuestas hospitalarias. (seh)','cujae','trabajo final de diploma',2013,'cuba'),
  (347,'infraestructura de clave pública: implementación del repositorio de certificados digitales mediante un servicio de directorio','instituto superior politécnico ?josé antonio echeverría?','trabajo final de diploma',2009,'cuba'),
  (349,'aprendizaje de los parámetros de funciones de pertenencia  trapezoidales en el contexto de la minería de datos difusa','facultad de ingeniería informática- cujae','trabajo final de diploma',2014,'cuba'),
  (351,'pruebas automáticas para un observatorio tecnológico','instituto superior politécnico \"josé antonio echeverría\", facultad de ingeniería informática','trabajo final de diploma',2013,'cuba'),
  (353,'metodología para la sistematización de servicios de consultoría ti. aplicación al sector de la manufactura','universidad de alicante/cujae','drcs',2011,'españa'),
  (355,'servicios basados en localización para una infraestructura de datos espaciales','instituto superior politécnico josé antonio echeverría','msc/esp',2015,'cuba'),
  (357,'estrategia para la interoperabilidad entre aplicaciones a través de un bus de servicios empresariales','cujae','msc/esp',2012,'cuba'),
  (359,'navegación espacial de almacenes de datos en la herramienta biadviserweb','cujae','trabajo final de diploma',2013,'cuba'),
  (361,'diseño de los subprocesos categorización docente y científica y, capacitación y desarrollo del proceso de recursos humanos, de la cujae','cujae','trabajo final de diploma',2012,'cuba'),
  (363,'propuesta de adaptación de un sistema multiplataforma de modelación de escenarios tridimensionales con información multimedia adjunta','facultad de ingeniería informática, cujae','trabajo final de diploma',2014,'cuba'),
  (365,'capa de servicio para soluciones a problemas de ruteo de vehículos','instituto superior politécnico josé antonio echeverría','trabajo final de diploma',2014,'cuba'),
  (367,'sistema para el aseguramiento de la calidad durante el desarrollo de software por los órganos encargados de esta actividad en las far','minfar','msc/esp',2012,'cuba'),
  (369,'implementación de un esquema de firma digital rsa usando co-diseño hardware-software','cujae','trabajo final de diploma',2011,'cuba'),
  (371,'biblioteca de enlace dinámico para el procesamiento de imágenes en la elaboración de retratos hablados','cujae','trabajo final de diploma',2013,'cuba'),
  (373,'método para el desarrollo de soluciones informáticas bajo el paradigma de gestión de procesos de negocio','cujae','msc/esp',2015,'cuba'),
  (375,'generación de llaves para algoritmo de cifrado rsa sobre microblaze','cujae','trabajo final de diploma',2012,'cuba'),
  (377,'detección de municiones en imágenes de rx','cujae','trabajo final de diploma',2013,'cuba'),
  (379,'propuesta de una suite para la inteligencia de negocios','cujae','msc/esp',2012,'cuba'),
  (381,'sistema de configuración remota del pool de conexiones c3p0 del colector de información redcuba','ispjae','trabajo final de diploma',2015,'cuba'),
  (383,'componente para el aprendizaje de una ontología rdfs a partir de un modelo de conocimiento.','facultad de ingeniería informática. instituto superior politécnico ?josé antonio echeverría?','trabajo final de diploma',2014,'cuba'),
  (385,'detección de armas blancas en imágenes de rx','cujae','trabajo final de diploma',2013,'cuba'),
  (387,'indicadores de sostenibilidad para la cujae','cujae','trabajo final de diploma',2012,'cuba'),
  (389,'aplicación del algoritmo metaheurístico búsqueda tabú al problema de la planificación de tareas.','facultad de ingeniería informática, cujae','trabajo final de diploma',2013,'cuba'),
  (391,'aplicación de algoritmos metaheurísticos con estrategias de paralelización al problema de asignación de personal a equipos de proyectos de software.','cujae','trabajo final de diploma',2012,'cuba'),
  (393,'componente para la construcción automática de mapas conceptuales desde información textual no estructurada','facultad de ingeniería informática. instituto superior politécnico ?josé antonio echeverría?','trabajo final de diploma',2014,'cuba'),
  (395,'métricas para la predicción del comportamiento de los algoritmos metaheurísticos en problemas de optimización combinatoria','facultad de ingeniería en informática. departamento de inteligencia artificial e infraestructura de sistemas informáticos','msc/esp',2011,'cuba'),
  (397,'pasos para modelar comportamientos proactivos en i* y rup','facultad de informática','trabajo final de diploma',2011,'cuba'),
  (399,'modelo de calidad externa para productos de software en organizaciones que inician su trabajo por la calidad','cujae','msc/esp',2015,'cuba'),
  (401,'aceleración del algoritmo ?retinex multi-escala? empleando técnicas de programación paralela','facultad informatica, cujae','trabajo final de diploma',2014,'cuba'),
  (403,'diseño e implementación de un modelo de datos para obtener información clínica histórica a partir de openehr','cujae','trabajo final de diploma',2014,'cuba'),
  (405,'tutorial para apoyar la enseñanza de las matemáticas preuniversitarias como antesala al programa nacional de formación en informática (pnfi)','centro universitario de caracas','msc/esp',2013,'venezuela'),
  (407,'sistema de encuestas: valoración desde los estudiantes','facultad de ingeniería informática, instituto superior politécnico \"josé antonio echeverría\"','trabajo final de diploma',2015,'cuba'),
  (409,'propuesta para el uso de información georreferenciada en el sistema de información docente de la educación superior en cuba','cujae','trabajo final de diploma',2013,'cuba'),
  (411,'estudio para realizar un sistema de monitoreo, análisis y clasificación de opiniones, con extracción automática de datos','facultad de ingeniería informática, instituto superior politécnico \"josé antonio echeverría\"','trabajo final de diploma',2015,'cuba'),
  (413,'subsistema de intercambio de información para aplicaciones de realidad virtual','fac. informática, cujae','trabajo final de diploma',2012,'cuba'),
  (415,'sistema de referencia de billetes y monedas falsificadas','cujae','trabajo final de diploma',2011,'cuba'),
  (417,'propuesta de almacén de datos y cuadro de mando para la agrc','cujae','trabajo final de diploma',2013,'cuba'),
  (419,'propuesta de soporte a la toma de decisiones del sistema stop-crim','cujae','trabajo final de diploma',2011,'cuba'),
  (421,'propuesta inicial de marco de trabajo extensible y reutilizable con funcionalidades gráficas de realidad virtual','facultad de ingeniería informática, cujae','trabajo final de diploma',2014,'cuba'),
  (423,'ejecuci''on desatendida de pruebas en l''ineas de productos','segurm''atica','msc/esp',2014,'cuba'),
  (425,'infraestructura de datos espaciales: implementación del cliente para el servicio de catálogo de metadatos geoespaciales.','instituto superior politécnico ?josé antonio echeverría?. facultad de ingeniería informática','trabajo final de diploma',2010,'cuba'),
  (427,'componentes de gestión de metadatos de la suite microsoft office sujetos al estándar openxml','informática','trabajo final de diploma',2013,'cuba'),
  (429,'empleo de las metaheurísticas  escalador de colinas y búsqueda aleatoria en el problema de planificación de trabajos no-uniformes','facultad de ingeniería informática, cujae','trabajo final de diploma',2013,'cuba'),
  (431,'solución para el monitoreo de equipos de rayos x','cujae','trabajo final de diploma',2013,'cuba'),
  (433,'componente para la incorporación de proactividad en softwares convencionales','instituto superior politécnico \"josé antonio echeverría\", facultad de ingeniería informática','trabajo final de diploma',2013,'cuba'),
  (435,'plataforma para el análisis de datos multi-vías.tesis pregrado.','instituto superior politécnico  ?josé antonio echeverría?','trabajo final de diploma',2015,'cuba'),
  (437,'sistema de gestión de metadatos para almcenes de datos','instituto superior politécnico josé antonio echeverría','trabajo final de diploma',2015,'cuba'),
  (439,'integración a microsoft outlook y word 2010 de desarrollos criptográficos propios basados en la teoría de las curvas elípticas','cujae','trabajo final de diploma',2014,'cuba'),
  (441,'simulación de eventos dinámicos multicuerpos','fac. mecánica, cujae','trabajo final de diploma',2013,'cuba'),
  (443,'componentes para el filtrado digital de señales de respuesta finita al impulso (fir)','cujae','trabajo final de diploma',2012,'cuba'),
  (445,'propuesta de guía de selección tecnológica para el desarrollo de entornos virtuales 3d para entorno de escritorio','facultad de ingeniería informática, cujae','trabajo final de diploma',2014,'cuba'),
  (447,'compatibilización de las historias clínicas electrónicas digitales al modelo openehr','cujae','trabajo final de diploma',2013,'cuba'),
  (449,'selección, transformación, visualización y almacenamiento de los datos en fuzzypred','facultad informática, cujae','trabajo final de diploma',2012,'cuba'),
  (451,'módulo para el control de los procesos en el sistema operativo windows','cujae','trabajo final de diploma',2014,'cuba'),
  (453,'módulo  para el análisis quimiométrico de datos espectrales empleando la representación por disimilaridades.','instituto superior politécnico  ?josé antonio echeverría?','trabajo final de diploma',2015,'cuba'),
  (455,'implementación de un sistema de métricas para la gestión de proyectos en el citi','instituto superior politécnico josé antonio echeverría','trabajo final de diploma',2012,'cuba'),
  (457,'diseño e implementación del centro neuronal córtico-diencefálico en hardware reconfigurable','cujae, facultad de ingienería informática','trabajo final de diploma',2015,'cuba'),
  (459,'integración de conocimiento mediante modelos  basados en arboles de decisión','instituto superior politénico josé antonio echeverría','msc/esp',2010,''),
  (461,'estadigrx: herramienta para la obtención de estadígrafos en la caracterización de imágenes del sistema de inspección aduanal: cx5030t','ispjae','trabajo final de diploma',2012,'cuba'),
  (463,'sistema de control e inventario centralizado para el hardware de la pc. módulo usb','cuaje','trabajo final de diploma',2012,'cuba'),
  (465,'algoritmo para el minado de reglas de asociación multinivel','cujae','trabajo final de diploma',2015,'cuba'),
  (467,'herramienta para la creación, edición y visualización de avatars panorámicas interactivas','fac. informática, cujae','trabajo final de diploma',2012,'cuba'),
  (469,'configuración y extensión del open journal system para la revista ingeniería informática','ispjae','trabajo final de diploma',2013,'cuba'),
  (471,'sistema de registro y gestión de tumores','cujae','trabajo final de diploma',2013,'cuba'),
  (473,'herramienta para la elaboración de retratos hablados. módulo de elaboración','cujae','trabajo final de diploma',2013,'cuba'),
  (475,'gestión de metadatos para open office y el formato de documento portable (pdf)','citi','trabajo final de diploma',2013,'cuba'),
  (477,'sistema para el análisis de modelos de conocimiento: samc','instituto superior politécnico ?josé antonio echeverría?','trabajo final de diploma',2012,'cuba'),
  (479,'sistema de inteligencia de negocios utilizando pentaho para la gestión de proyectos con un conjunto de medidas','instituto superior politécnico josé antonio echeverría','trabajo final de diploma',2015,'cuba'),
  (481,'inteligencia de negocios móvil en biadviser','cujae','trabajo final de diploma',2015,'cuba'),
  (483,'propuesta de adaptación de un sistema de simulación de escenas controladas para usuarios comunes','fac. informática, cujae','trabajo final de diploma',2012,'cuba'),
  (485,'propuesta de diseño del portal de la investigación criminal','cujae-citi','trabajo final de diploma',2013,'cuba'),
  (487,'extensión de las capacidades de visualización del sistema de simulación','fac. informática, cujae','trabajo final de diploma',2013,'cuba'),
  (489,'comparación de algoritmos para la construcción rápida de árboles de decisión','cujae','trabajo final de diploma',2015,'cuba'),
  (491,'propuesta de herramientas para la automatización de pruebas de sistema','cujae','trabajo final de diploma',2012,'cuba'),
  (493,'un diseño pkix de referencia para entidades cubanas','cujae','msc/esp',2012,'cuba'),
  (495,'construcción de una infraestructura paralela y distribuida para la ejecución de aplicaciones matlab de alto rendimiento','cujae','trabajo final de diploma',2014,'cuba'),
  (497,'definición de indicadores para la evaluación de desempeño y análisis de las redes sociales a partir de registros de eventos','cujae','trabajo final de diploma',2014,'cuba'),
  (499,'comparación de algoritmos metaheurísticos en estrategias de solución para ttrp','instituto superior josé antonio echeverría','trabajo final de diploma',2013,'cuba'),
  (501,'propuesta de procedimiento para desarrollar aplicaciones para teléfonos inteligentes. casos de estudio: ios y android.','instituto superior politécnico ?josé antonio echeverría?','trabajo final de diploma',2012,'cuba'),
  (503,'c o m p o n e n t e p a r a l a o b t e n c i ó n d e r e g l a s d e d e c i s i ó n a s o c i a d a s a p u n t o s d e e l e c c i ó n d e u n a r e d d e p e t r i','cujae','trabajo final de diploma',2014,'cuba'),
  (505,'módulo de reportes de biadviser enterprise','cujae','trabajo final de diploma',2015,'cuba'),
  (507,'simulación basada en agentes para el chequeo de requisitos tempranos en i*','facultad de ingeniería informática, instituto superior politécnico \"josé antonio echeverría\"','trabajo final de diploma',2015,'cuba'),
  (509,'solución para la protección de la información basada en esteganografía','cujae','trabajo final de diploma',2014,'cuba'),
  (511,'guía para la selección tecnológica de herramientas para la creación de sistemas web basadas en realidad virtual','facultad de ingeniería informática, cujae','trabajo final de diploma',2014,'cuba'),
  (513,'proceso de pruebas para biadviserweb','cujae','trabajo final de diploma',2013,'cuba'),
  (515,'modificación de cartuchos de andromda para incluir más semántica del diagrama de clases uml 1.4','ispjae','trabajo final de diploma',2012,'cuba'),
  (517,'una solución de seguridad para la protección de la información en el sistema de control e inventario para el hardware de las computadoras','cujae','trabajo final de diploma',2012,'cuba'),
  (519,'incorporación de algoritmos de reglas de asociación y de agrupamiento a la herramienta knime.','cujae','trabajo final de diploma',2013,'cuba'),
  (521,'mfuzzypred: algoritmo multi-objetivo para  extrer predicados difusos','facultad de ingeniería informática- cujae','trabajo final de diploma',2014,'cuba'),
  (523,'módulo para el control de simulación y generación de reportes en un simulador físico','fac. informática, cujae','trabajo final de diploma',2013,'cuba'),
  (525,'componente de aprendizaje para agentes jade','instituto superior politécnico \"josé antonio echeverría\"','trabajo final de diploma',2014,'cuba'),
  (527,'uso de metaheurísticas en el problema de planificación de trabajos uniformes','facultad de ingeniería informática, cujae','trabajo final de diploma',2013,'cuba'),
  (529,'métodos para el tratamiento de la ambigüedad semántica en mapas conceptuales','instituto superior politécnico josé antonio echeverría','msc/esp',2012,'cuba'),
  (531,'rediseño de fuzzypred 1.0','facultad de ingeniería informática, cujae','trabajo final de diploma',2012,'cuba'),
  (533,'portafolio de algoritmos frente a  problemas de optimización  decepcionantes dinámicos','cujae','trabajo final de diploma',2014,'cuba'),
  (535,'componente de seguridad para el patrón implementation_jade','facultad de ingeniería informática, instituto superior politécnico \"josé antonio echeverría\"','trabajo final de diploma',2015,'cuba'),
  (537,'creación de anotaciones automáticas enriquecidas con datos extras para el sistema vides.','citi','trabajo final de diploma',2012,'cuba'),
  (539,'editor dinámico de mapas conceptuales a partir de texto','instituto superior politécnico josé antonio echeverría, facultad de ingeniería informática','trabajo final de diploma',2012,'cuba'),
  (541,'propuesta para la aplicación de metodologías ágiles en la gestión de proyectos de la dsi-cujae.','cujae','trabajo final de diploma',2012,'cuba'),
  (543,'herramienta para la integración de modelos de minería de datos. desarrollo de un estudio experimental','citi-cujae','trabajo final de diploma',2011,'cuba'),
  (545,'solución para el uso de flujos desarrollados en knime desde aplicaciones externas','facultad de ingeniería informática-citi','trabajo final de diploma',2014,'cuba'),
  (547,'algoritmos basados en tríos de minucias para la verificación e identificación de huellas dactilares','instituto nacional de astrofísica, óptica y electrónica, puebla','drc',2014,'méxico'),
  (549,'elaboración de una aplicación en matlab para la detección automática de granadas en imágenes de rayos x de equipajes.','ispjae','trabajo final de diploma',2012,'cuba'),
  (551,'sistema para el procesamiento digital de imágenes georreferenciadas en bases de datos espaciales','instituto superior politécnico \"josé antonio echeverría\"','trabajo final de diploma',2014,'cuba'),
  (553,'aplicación web para la generación automática de mapas de rendimiento del cultivo de la caña de azúcar','instituto superior politécnico ?josé antonio echeverría?','trabajo final de diploma',2012,'cuba'),
  (555,'método para el descubrimiento de predicados difusos en forma normal en bases de datos utilizando metaheurísticas','cujae','drcs',2014,'cuba'),
  (557,'sistema de control e inventario centralizado para el hardware de la pc. módulo hardware','cujae','trabajo final de diploma',2012,'cuba'),
  (559,'componente de generación automática de valores de pruebas','citi cujae','trabajo final de diploma',2012,'cuba'),
  (561,'?sistema de control de la exportación de medicamentos en laboratorios novatec?','laboratorios novatec','trabajo final de diploma',2015,'cuba'),
  (563,'openssl.cu: distribución propia de openssl','cujae','trabajo final de diploma',2014,'cuba'),
  (565,'modificación de cartuchos de andromda para incluir más semántica del diagrama de clases de uml 2.0','ispjae','trabajo final de diploma',2012,'cuba'),
  (567,'componente para el monitoreo  de peticiones sobre el sistema de archivos y el registro de windows','informática','trabajo final de diploma',2013,'cuba'),
  (569,'predicción de parámetros meteorológicos secundarios: altura de la capa de mezcla convectiva, altura de la capa de mezcla mecánica y velocidad convectiva de escala, en la zona de la cujae utilizando técnicas de minería de datos','instituto superior politécnico josé antonio echeverría','trabajo final de diploma',2009,'cuba'),
  (571,'obtención de anomalías en las transacciones bancarias del banco central de cuba utilizando minería de datos.','cujae','trabajo final de diploma',2015,'cuba'),
  (573,'módulo para la gestión de la información de soporte de stop-crim','cujae','trabajo final de diploma',2011,'cuba'),
  (575,'herramienta extensible de análisis técnico de señales bfsk y bpsk','cujae','trabajo final de diploma',2014,'cuba'),
  (577,'procedimiento para la implantación del sistema de gestión de procesos de negocio yawl','cujae','trabajo final de diploma',2011,'cuba'),
  (579,'propuesta de arquitecturas cliente-servidor de streaming de video para la integración de vides dentro del sip.','facultad informatica, cujae','trabajo final de diploma',2014,'cuba'),
  (581,'estudio de algoritmos metaheurísticos aplicados con diferentes codificaciones a funciones continuas','facultad de ingeniería informática, maestría en informática aplicada','msc/esp',2014,'cuba'),
  (583,'propuesta para la construcción automática de calendarios de tribunales','facultad de ingeniería informática','trabajo final de diploma',2015,'cuba'),
  (585,'variantes del problema de la mochila  dinámico, experimentación con  algoritmos metaheurísticos','cujae','trabajo final de diploma',2014,'cuba');

COMMIT;

#
# Data for the `estudiantedemaestria` table  (LIMIT 0,500)
#

INSERT INTO `estudiantedemaestria` (`id`, `idpersona`, `idediciondemaestria`, `idpersonaprimerasesor`, `idsegundoasesor`, `iddefensadetesis`, `temadeinvestigacion`, `esbaja`) VALUES 
  (1,236,3,3,NULL,32,'solución para garantizar single sign-on en aplicaciones web empresariales.',0),
  (3,49,3,229,NULL,19,'definición de un entorno para la aplicación de la ingeniería de requisitos en el citi.\r\n',0),
  (5,4,1,5,178,NULL,'aplicacion de  un amplificador lookin a la esteganografia.',1),
  (7,162,1,29,NULL,16,'modelo multiescala para la simulación de la dinámica de células individuales en el sistema inmunológico.',0),
  (9,64,2,233,191,41,'modelo de referencia para el desarrollo de una solución de punto final para la prevención de fuga de datos',0),
  (11,86,3,3,NULL,3,'un diseño pkik de referencia para entidades cubanas.\r\n',0),
  (13,153,1,201,NULL,NULL,'\"recuperación de información semántica en\r\nesquemas rdb.\"\r\n',1),
  (15,137,2,43,221,18,'gestión de configuración de software para equipos de desarrollo sobre entornos de código abierto. caso de estudio sigenu',0),
  (17,157,3,167,NULL,33,'algoritmo multigenerador de soluciones para la competencia y colaboración de generadores metaheurísticos.',0),
  (19,1,2,184,NULL,20,'georeferencia en base de datos multidimensionales',0),
  (21,163,3,167,NULL,2,'métricas para la predicción del comportamiento de los algoritmos metaheurísticos en problemas de optimización combinatoria.\r\n',0),
  (23,20,3,229,NULL,26,'definición de un proceso de desarrollo de software en un entorno universitario.',0),
  (25,205,1,221,NULL,NULL,'entorno de desarrollo de software supervisado de alta eficiencia.\r\n',1),
  (27,57,1,54,NULL,14,'modelos para el desarrollo de dashboards inteligentes basado en un análisis de metas',0),
  (29,110,2,221,NULL,NULL,'procesos etl',1),
  (31,7,1,74,NULL,34,'algoritmo para la detección simultánea de objetos en procesadores gráficos',0),
  (33,193,3,154,39,31,'adopción de iniciativas de inteligencia de negocio en múltiples escenarios de la gestión académica cubana.',0),
  (35,207,1,184,NULL,NULL,'propuesta para validar mantenibilidad en un software',1),
  (37,48,2,229,NULL,35,'ejecución desatendida de pruebas en líneas de productos',0),
  (39,66,2,167,NULL,NULL,'la minería de datos como herramienta para la detección del fraude\r\nde telecomunicaciones',1),
  (41,81,3,184,NULL,39,'algoritmos evolutivos aplicados al problema de asignacion de recursos humanos ',0),
  (43,115,1,109,NULL,NULL,'algoritmos de trayectorias para problemas con nichos.\r\n',1),
  (45,156,2,184,NULL,NULL,'herramienta para la construcción de entornos virtuales.',1),
  (47,28,1,221,NULL,NULL,'extendiendo opciones de modularidad para aplicaciones empresariales en windows\r\n',1),
  (49,118,1,178,NULL,NULL,'',0),
  (51,40,2,184,NULL,NULL,'aplicaciones ricas de internet',1),
  (53,105,1,204,NULL,NULL,'propuesta de arquitectura para sistemas de reconstrucción tridimensional a partir de imágenes aisladas\r\n',0),
  (55,18,1,191,NULL,NULL,'',0),
  (57,197,3,160,NULL,38,'propuesta de herramientas para la integración de datos en un entorno empresarial',0),
  (59,98,3,229,NULL,NULL,'propuesta de arquitectura para la implantación de la gestión en el minint',1),
  (61,95,1,39,NULL,NULL,'',0),
  (63,159,3,204,NULL,12,'arquitectura de desarrollo del proyecto informatización de la criminalística cubana.\r\n',0),
  (65,123,1,172,167,30,'búsqueda de predicados difusos: un problema de optimización con múltiples objetivos',0),
  (67,242,3,145,NULL,42,'propuesta de una suite para la inteligencia de negocios.\r\n',0),
  (69,128,1,43,NULL,NULL,'',0),
  (71,17,1,140,NULL,NULL,'estudio de la incorporación de heurísticas de ruteo específicas como operadores en problemas de ruteo',0),
  (73,164,3,201,NULL,NULL,'aplicación de minería de datos a las cuentas de clientes naturales del banco popular de ahorro',1),
  (75,15,1,229,NULL,29,'modelo para la generación automática de combinaciones de valores de pruebas ynitarias\r\n',0),
  (77,113,2,178,NULL,NULL,'manejo de identidades',1),
  (79,33,1,167,NULL,NULL,'métricas para la predicción del comportamiento de los algoritmos metaheurísticos en problemas de optimización combinatoria.\r\n',1),
  (81,186,3,165,NULL,1,'métodos para el tratamiento de la ambigüedad semántica en mapas conceptuales.\r\n',0),
  (83,120,1,229,NULL,NULL,'pruebas a componentes de software utilizando inyección de código.\r\n',0),
  (85,179,2,3,NULL,NULL,'métricas para evaluar la calidad de los sgic',0),
  (87,213,1,233,NULL,15,'aceleración del algoritmo \"alineamiento de trazas\" empleando técnicas de programación paralela',0),
  (89,45,2,54,NULL,10,'patrones de implementación para agentes jade',0),
  (91,84,1,201,NULL,NULL,'plataforma de computación paralela y distribuida\r\n',1),
  (93,235,1,229,NULL,NULL,'modelo cuantitativo para la evaluación de calidad de los productos de software',1),
  (95,216,1,191,NULL,NULL,'normativa de seguridad para los documentos identificativos',1),
  (97,187,3,201,NULL,NULL,'aplicación de un controlador de filtro de sistema de archivo en el almacenamiento seguro en windows',1),
  (99,58,2,229,NULL,13,'sistema de actividades para el aseguramiento de la calidad durante la obtención de las aplicaciones informáticas en las far',0),
  (101,78,1,74,154,28,'vistas minables genéricas para el análisis de registros de eventos con minería de datos',0),
  (103,41,2,229,NULL,NULL,'determinación de métricas de calidad de código en entornos de desarrollo integrado de aplicaciones.',1),
  (105,138,3,165,NULL,NULL,'construcción de mapas conceptuales',1),
  (107,19,1,3,NULL,NULL,'',0),
  (109,27,2,178,NULL,NULL,'sistemas operativos preinstalados.',1),
  (111,14,1,204,NULL,NULL,'framework para el desarrollo de videojuegos\r\n',1),
  (113,183,1,184,NULL,25,'xxxx',0),
  (115,24,3,54,NULL,24,'ingenias: incorporando análisis de requisitos.',0),
  (117,188,2,221,NULL,NULL,'registro de trazas de auditoria',1),
  (119,240,3,229,NULL,NULL,'gestión de riesgos',1),
  (121,228,1,184,NULL,NULL,'propuesta para escalar la usabilidad de un software',1),
  (123,112,3,154,167,37,'integración de modelos de agrupamiento obtenidos de múltiples fuentes de datos.',0),
  (125,79,2,152,NULL,43,'propuesta de metodología para la selección de tecnologías para el desarrollo de rias',0),
  (127,32,3,201,NULL,NULL,'estudio de aplicaciones de md para mediciones',1),
  (129,42,1,39,NULL,23,'método para el desarrollo de soluciones informáticas bajo el paradigma de gestión de procesos de negocio.',0),
  (131,22,2,191,NULL,NULL,'métricas para evaluar la seguridad en aplicaciones protegidas',1),
  (133,100,1,109,NULL,NULL,'algoritmos de trayectoria multiobjetivo para la obtención de reglas de asociación cuantitativas positivas y negativas.\r\n',1),
  (135,108,3,165,NULL,NULL,'aplicación de minería de datos al financiamiento de la banca de particulares en el bpa',1),
  (137,30,3,154,167,9,'integración de modelos de reglas de asociación obtenidos de múltiples fuentes de datos.',0),
  (139,44,2,54,NULL,NULL,'propuesta de arquitectura funcional para el monitor de calidad de servicios.',1),
  (141,140,3,154,167,7,'integración de conocimiento mediante modelos basados en árboles de decisión.',0),
  (143,12,1,39,NULL,NULL,'persistencia de datos de una historia clínica electrónica\r\n',1),
  (145,46,3,74,NULL,40,'minería de procesos aplicados al proceso de declaración de mercancías en la a.g.r.\r\n',0),
  (147,65,2,201,NULL,NULL,'sistema de recomendación semántica sobre bases de conocimiento basadas en ontología para la educación superior en cuba. resultados de un caso de estudio.',1),
  (149,26,1,54,NULL,NULL,'simulación social basada en agentes',1),
  (151,220,2,178,NULL,NULL,'borrado seguro',1),
  (153,239,2,229,NULL,NULL,'definición de un proceso para la aplicación de las pruebas de caja en el citi.',1),
  (155,31,3,184,167,17,'algoritmos de trayectoria multiobjetivo aplicados al problema de asignación de recursos humanos a equipos de proyecto de software.',0),
  (157,47,1,3,NULL,NULL,'',0),
  (159,226,3,149,NULL,6,'integración de herramientas informáticas para la alerta temprana ante el peligro de inundaciones.\r\n',0),
  (161,124,1,184,NULL,11,'solución de inteligencia de negocio para la gestión de proyectos aplicada en un entorno universidad-empresa utilizando microsoft y pentaho',0),
  (163,99,3,204,NULL,NULL,'análisis de información para la inteligencia criminal',1),
  (165,104,2,184,NULL,NULL,'fundamentos teóricos para la aplicación de un programa de mejora de proceso de software en la empresa geosig',0),
  (167,119,2,3,NULL,NULL,'esquema de revocación x.509 para entidades cubanas.',1),
  (169,8,1,229,NULL,NULL,'',0),
  (171,175,1,225,NULL,NULL,'integración de aplicaciones utilizando tecnología esb\r\n',1),
  (173,83,3,184,169,36,'determinación de patrones que contribuyan a la formación de un equipo de proyecto de software, utilizando técnicas del modelo predictivo de la minería de datos.',0),
  (175,146,2,225,NULL,NULL,'plataforma para el procesamiento automático de información textual',1),
  (177,52,1,39,NULL,NULL,'herramientas esb libres y propietarias.\r\n',0),
  (179,87,3,5,NULL,27,'guía para la auditoria informática a la seguridad de la base de datos del sistema de gestión del plan curricular de la universidad agostinho neto.',0),
  (181,192,2,43,184,4,'modelo de calidad externa para productos de software en organizaciones que inician su trabajo por la calidad',0),
  (183,121,1,191,NULL,NULL,'modelo de autómata para la auditoría de la información y los procesos contables',1),
  (185,90,3,201,NULL,8,'propuesta para la integración de bpm y soa en un entorno mda de código abierto',0),
  (187,60,1,167,NULL,22,'servicios basados en localización para una infraestructura de datos espaciales',0),
  (189,133,3,184,229,21,'proceso de pruebas para soluciones de software en un laboratorio de calidad.\r\n',0),
  (191,230,2,229,NULL,NULL,'la seguridad en la ingeniería de software',1),
  (193,206,1,167,NULL,NULL,'estudio de codificaciones no destructivas, sus efectos y parámetros en problemas de ordenamiento usando cba',1),
  (195,53,1,43,NULL,NULL,'',1),
  (197,50,2,3,NULL,NULL,'estegoanálisis',1),
  (199,203,1,167,NULL,5,'estudio de algoritmos metaheurísticos aplicados con diferentes codificaciones a funciones continuas\r\n',0),
  (201,73,1,201,NULL,NULL,'bus de servicios empresariales propietaria para la integracion de aplicaciones.\r\n',0);

COMMIT;

#
# Data for the `defensadetesis` table  (LIMIT 0,500)
#

INSERT INTO `defensadetesis` (`id`, `fechadedefensa`, `idestudinate`, `idtesis`, `idoponente`, `idjefetribunal`, `idvocaltribunal`, `idmiembrotribunal`, `evaluacion`) VALUES 
  (1,'2012-03-22',81,NULL,244,3,244,204,'5'),
  (2,'2011-07-05',21,NULL,54,5,54,3,'excelente'),
  (3,'2012-09-14',11,NULL,178,5,178,36,'excelente'),
  (4,'2015-07-09',181,NULL,145,5,145,39,'excelente'),
  (5,'2014-03-10',199,NULL,54,74,54,109,'excelente'),
  (6,'2012-05-17',159,NULL,56,178,56,167,'excelente'),
  (7,'2010-07-19',141,NULL,74,23,74,218,'excelente'),
  (8,'2013-06-12',185,NULL,195,201,195,232,'excelente'),
  (9,'2010-07-19',137,NULL,74,23,74,218,'excelente'),
  (10,'2014-12-17',89,NULL,233,132,233,24,'excelente'),
  (11,'2016-05-09',161,NULL,43,39,43,193,'excelente'),
  (12,'2011-07-22',63,NULL,160,3,160,5,'excelente'),
  (13,'2012-12-04',99,NULL,61,107,61,178,'excelente'),
  (14,'2015-07-15',27,NULL,172,43,172,233,NULL),
  (15,'2016-01-15',87,NULL,191,178,191,152,NULL),
  (16,'2014-07-04',7,NULL,54,167,54,74,'excelente'),
  (17,'2012-02-27',155,NULL,172,43,172,178,'excelente'),
  (18,'2013-04-05',15,NULL,76,184,76,59,'excelente'),
  (19,'2011-07-18',3,NULL,184,3,184,160,'excelente'),
  (20,'2016-09-14',19,NULL,NULL,NULL,NULL,NULL,'excelente'),
  (21,'2013-02-04',189,NULL,43,39,31,43,'excelente'),
  (22,'2015-09-17',187,NULL,190,178,190,233,'excelente'),
  (23,'2015-03-04',129,NULL,191,184,191,54,'excelente'),
  (24,'2011-06-05',115,NULL,167,5,167,3,'excelente'),
  (25,'2016-09-25',113,NULL,NULL,NULL,NULL,NULL,'excelente'),
  (26,'2011-10-14',23,NULL,160,43,160,184,'excelente'),
  (27,'2012-12-07',179,NULL,178,151,178,150,'bien'),
  (28,'2016-03-03',101,NULL,112,167,112,233,'excelente'),
  (29,'2016-04-29',75,NULL,174,3,174,54,'excelente'),
  (30,'2016-03-03',65,NULL,140,54,140,233,'excelente'),
  (31,'2014-12-08',33,NULL,177,184,177,30,'excelente'),
  (32,'2012-04-04',1,NULL,233,178,233,21,'excelente'),
  (33,'2010-07-14',17,NULL,54,227,54,154,'excelente'),
  (34,'2016-04-22',31,NULL,NULL,204,140,233,'excelente'),
  (35,'2014-01-20',37,NULL,43,184,43,174,'bien'),
  (36,'2010-07-09',173,NULL,174,221,174,23,'excelente'),
  (37,'2010-07-19',123,NULL,51,23,51,74,'excelente'),
  (38,'2011-10-14',57,NULL,21,229,21,43,'excelente'),
  (39,'2013-03-19',41,NULL,172,167,172,178,'excelente'),
  (40,'2012-05-17',145,NULL,167,178,167,204,'excelente'),
  (41,'2015-03-27',9,NULL,131,5,131,178,'excelente'),
  (42,'2012-07-19',67,NULL,10,39,10,229,'excelente'),
  (43,'2013-11-08',125,NULL,92,178,92,184,'excelente');

COMMIT;

#
# Data for the `estudianteevaluadoenasignaturademaestria` table  (LIMIT 0,500)
#

INSERT INTO `estudianteevaluadoenasignaturademaestria` (`id`, `nota`, `idasignaturademaestriaimpartida`, `idestudiantedemaestria`) VALUES 
  (1,'5',43,7),
  (2,'c',5,181),
  (3,'5',13,167),
  (4,'c',35,15),
  (5,'c',31,191),
  (6,'5',17,15),
  (7,'4',31,153),
  (8,'5',37,85),
  (9,'3',31,167),
  (21,'c',5,103),
  (23,'c',31,37),
  (25,'4',23,45),
  (27,'5',27,13),
  (29,'c',13,165),
  (31,'3',31,197),
  (33,'c',35,99),
  (35,'c',3,103),
  (37,'5',33,37),
  (39,'c',35,153),
  (41,'5',35,89),
  (43,'5',13,197),
  (45,'c',3,165),
  (47,'c',41,165),
  (49,'c',31,19),
  (51,'c',13,37),
  (53,'c',3,131),
  (55,'4',13,89),
  (57,'c',35,131),
  (59,'3',37,125),
  (61,'c',37,117),
  (63,'c',5,9),
  (65,'c',37,39),
  (67,'4',9,61),
  (69,'c',31,181),
  (71,'c',3,167),
  (73,'c',23,103),
  (75,'4',3,85),
  (77,'c',31,139),
  (79,'4',9,169),
  (81,'c',37,131),
  (83,'4',37,167),
  (85,'5',7,103),
  (87,'5',43,195),
  (89,'4',13,103),
  (91,'5',7,153),
  (93,'c',5,131),
  (95,'c',5,191),
  (97,'c',3,139),
  (99,'4',43,169),
  (101,'5',13,19),
  (103,'5',13,151),
  (105,'3',3,9),
  (107,'c',31,125),
  (109,'3',31,77),
  (111,'c',37,37),
  (113,'c',41,85),
  (115,'4',37,197),
  (117,'c',5,77),
  (119,'4',43,183),
  (121,'c',5,109),
  (123,'3',27,43),
  (125,'c',3,89),
  (127,'c',3,37),
  (129,'5',29,15),
  (131,'c',5,15),
  (133,'5',17,125),
  (135,'c',31,99),
  (137,'c',3,181),
  (139,'c',13,191),
  (141,'c',41,167),
  (143,'c',23,153),
  (145,'4',31,85),
  (147,'c',13,39),
  (149,'c',5,197),
  (151,'c',37,15),
  (153,'c',13,125),
  (155,'5',23,85),
  (157,'c',3,15),
  (159,'c',13,15),
  (161,'c',5,167),
  (163,'c',13,175),
  (165,'4',41,125),
  (167,'4',37,45),
  (169,'c',3,109),
  (171,'c',35,181),
  (173,'c',5,151),
  (175,'c',5,147),
  (177,'4',13,153),
  (179,'c',31,165),
  (181,'4',27,193),
  (183,'c',5,125),
  (185,'4',9,83),
  (187,'5',3,197),
  (189,'c',3,175),
  (191,'c',35,37),
  (193,'c',35,85),
  (195,'c',41,9),
  (197,'3',27,71),
  (199,'5',11,27),
  (200,'5',13,77),
  (201,'c',35,19),
  (203,'5',1,99),
  (205,'c',5,153),
  (207,'5',19,27),
  (209,'c',41,151),
  (211,'c',37,181),
  (213,'4',43,49),
  (215,'4',3,151),
  (217,'c',5,19),
  (219,'c',37,191),
  (221,'c',5,139),
  (223,'3',27,133),
  (225,'4',9,75),
  (227,'5',23,19),
  (229,'4',3,29),
  (231,'5',25,87),
  (233,'c',31,15),
  (235,'5',15,69),
  (237,'5',37,77),
  (239,'5',3,77),
  (241,'5',37,9),
  (243,'4',9,13),
  (245,'c',3,191),
  (247,'c',3,39),
  (249,'4',43,31),
  (251,'5',31,117),
  (253,'4',35,165),
  (255,'4',9,107),
  (257,'c',3,99),
  (259,'3',31,109),
  (261,'5',23,181),
  (263,'c',5,117),
  (265,'4',27,121),
  (267,'5',7,89),
  (269,'c',31,175),
  (271,'c',5,29),
  (273,'4',23,147),
  (275,'c',13,117),
  (277,'c',3,19),
  (279,'5',37,89),
  (281,'c',13,147),
  (283,'4',27,171),
  (285,'3',31,151),
  (287,'4',3,153),
  (289,'c',31,131),
  (291,'c',13,181),
  (293,'3',13,85),
  (295,'4',27,53),
  (297,'c',37,99),
  (299,'4',9,93),
  (301,'3',31,29),
  (303,'5',21,9),
  (305,'c',37,175),
  (307,'c',41,109),
  (309,'5',27,31),
  (311,'4',7,9),
  (313,'c',23,165),
  (315,'c',37,139),
  (317,'4',37,151),
  (319,'c',37,147),
  (321,'4',43,69),
  (323,'4',9,69),
  (325,'5',13,29),
  (327,'4',37,103),
  (329,'c',37,165),
  (331,'c',41,197),
  (333,'c',5,175),
  (335,'c',5,39),
  (337,'c',3,147),
  (339,'4',9,49),
  (341,'3',9,121),
  (343,'c',31,147),
  (345,'c',3,125),
  (347,'5',23,117),
  (349,'5',39,9),
  (351,'5',31,103),
  (353,'c',23,89),
  (355,'c',5,85),
  (357,'5',9,7),
  (359,'c',31,39),
  (361,'5',33,125),
  (363,'5',13,9),
  (365,'3',27,79),
  (367,'4',43,157),
  (369,'5',23,125),
  (371,'c',13,99),
  (373,'5',43,171),
  (375,'4',23,29),
  (377,'c',13,139),
  (379,'4',31,89),
  (381,'4',43,61),
  (383,'5',23,37),
  (385,'c',35,103),
  (387,'c',41,77),
  (389,'c',13,131),
  (391,'c',5,99),
  (393,'5',23,51),
  (395,'3',31,9),
  (397,'c',5,89),
  (399,'4',27,35),
  (401,'c',5,37),
  (403,'c',5,165);

COMMIT;

#
# Data for the `evento` table  (LIMIT 0,500)
#

INSERT INTO `evento` (`id`, `titulo`, `nombredeevento`, `tipo`, `ano`, `pais`, `ciudad`, `uniquekey`) VALUES 
  (1,'estrategia de contenido en la gestión de objetos de aprendizaje','ii congreso internacional de ingeniería informática y sistemas de información (ciiisi´14)','convención cujae','2014','cuba','la habana','fernandez2014edc'),
  (3,'introducing an experimental framework in c# for fingerprint recognition','vi congreso mexicano de reconocimiento de patrones mcpr','internacional','2014','méxico','cancún','garcia2014iae'),
  (5,'applying pareto analysis in ranking','fourth international workshop on knowledge discovery, knowledge management and decision support eureka workshop 2013, november 6-8, 2013,','internacional','2013','méxico','mazatlan','morales2013apa'),
  (7,'métricas de calidad para el diseño de esquemas conceptuales de bases de datos','15 convención científica de ingeniería y arquitectura de la cujae','convención cujae','2010','cuba','la habana','gonzález2010mdc'),
  (9,'using opencyc and domain ontologies for ontology learning from concept maps','fourth international workshop on knowledge discovery, knowledge management and decision support (eureka 2013)','internacional','2013','méxico','mazatlan','simon2013uoa'),
  (11,'un algoritmo multigenerador de soluciones para la competencia y colaboración de generadores metaheurísticos','xv convención científica de ingeniería y arquitectura, ccia''2010','internacional','2010','cuba','la habana','fajardo2010uam'),
  (13,'mecanismo para la extracción y almacenamiento de grados borrosos a partir de las relaciones semánticas de wordnet','congreso español sobre tecnologías y lógica fuzzy (estylf 2012)','internacional','2012','españa','valladolid','fernandez2012mpl'),
  (15,'controladores de filtro de sistema de archivo. una solución a la manipulación de archivos para dispositivos de almacenamiento','x seminario iberoamericano de seguridad en tecnologías de información y comunicaciones','internacional','2011','cuba','la habana','diaz2011cdf'),
  (17,'experiencias en la enseñanza de las matemáticas discretas en la ingeniería informática','vi internacional sobre la enseñanza de la matemática para ingeniería y arquitectura','convención cujae','2014','cuba','la habana','sánchez2014eel'),
  (19,'la enseñanza de la programación estructurada y orientada a objeto en la modalidad semipresencial','evento provincial universidad 2016','universidad','2015','cuba','habana','rodriguez2015led'),
  (21,'aplicación de los algoritmos escalador de colinas y estrategia evolutiva al problema de descubrimiento de modelos de procesos','17 conveción científica de ingeniería y arquitectura','internacional','2014','cuba','la habana','jaime2014adl'),
  (23,'modelo de gestión de objetos digitales como soporte a la gestión de soluciones tecnológicas','i congreso internacional de ingeniería informática y sistemas de información, xvi convencion cientifica de ingenieria y arquitectura','convención cujae','2012','cuba','la habana','delgado2012mdg'),
  (25,'sistema para la obtención y análisis de patrones de contraste por parte de usuarios no expertos','xvi convención y feria internacional \"informática 2016\"','internacional','2016','cuba','la habana','garcia2016spl'),
  (27,': ?sistema de gestión para el soporte a la formación doctoral en la cujae.?','xvi forum de ciencia y tecnica en la cujae','forum','2015','cuba','la habana','hernandez2015:?d'),
  (29,'comparación de tecnologías de servicios web axis, xfire y jax-ws','15 convención científica de ingeniería y arquitectura','convención cujae','2010','cuba','la habana','díaz2010cdt'),
  (31,'optimización del calendario de la serie nacional de béisbol para reducir el costo de transportación','1er evento científico del béisbol cubano','nacional','2012','cuba','la habana','rosete2012odc'),
  (33,'sistema para monitoreo remoto de procesos de corrosión.','congreso internacional de investigación científica multidisciplinaria','internacional','2014','méxico','chihuahua','sepulveda2014spm'),
  (35,'una mirada al análisis de redes de transporte en cuba desde el punto de vista de los datos','ii congreso internacional de ingeniería informática y sistemas de información','convención cujae','2014','cuba','la habana','sánchez2014uma'),
  (39,'solución de inteligencia de negocio para métricas de gestión de proyectos','convención científica de ingeniería y arquitectura (ccia)','internacional','2014','cuba','la habana','montero2014sdi'),
  (41,'mecanismos de protección basados en el proceso de compilación para la protección automatizada de software','encuentro nacional de seguridad en las tic','nacional','2015','cuba','la habana','diaz2015mdp'),
  (43,'aplicación de la soft computing al problema de ruteo de camiones y remolques','iv simposio sobre lógica difusa y soft computing (lfsc'' 2013)','internacional','2013','españa','madrid','torres2013adl'),
  (47,'proactive selection of metaheuristics based on knowledge of previous results','fourth international workshop on knowledge discovery, knowledge management and decision support eureka workshop 2013, november 6-8, 2013,','internacional','2013','méxico','mazatlan','rosete2013pso'),
  (49,'problema de asignación de rutas para camiones y remolques','foro de innovaciones tecnológicas para el transporte (transnova)','internacional','2012','españa','islas canarias','torres2012pda'),
  (53,'mecansimos de protección basados en el proceso de compilación para la protección automatizada de software','encuentro nacional de seguridad en las tic','nacional','2015','cuba','habana','nuñez2015mdp'),
  (55,'la metodología crisp-dm aplicada a un proyecto de minería de procesos: un caso de estudio','iii taller internacional las tic en la gestión de las organizaciones. convención de informática','internacional','2013','cuba','la habana','socorro2013lmc'),
  (57,'mfuzzypred: algoritmo multi-objetivo para extraer predicados difusos','17 convención de científica de ingeniería y arquitectura','convención cujae','2014','cuba','la habana','ceruto2014mam'),
  (61,'integración de técnicas browsing con ontologías en un modelo de recuperación de información geográfica','ii congreso internacional de ingeniería informática y sistemas de información (ciiisi´14)','internacional','2014','cuba','habana','simon2014idt'),
  (63,'selección proactiva de la vecindad en búsqueda local usando fdc','congreso internacional compumat 2013','internacional','2013','cuba','habana','moreno2013spd'),
  (65,'software tool for model and solce the maximum coverage location problem','12th international conference on operational research (icor''2016)','internacional','2016','cuba','la habana','fajardo2016stf'),
  (67,'caracterización de un atacante a sistemas','encuentro nacional de seguridad en las tic','nacional','2015','cuba','habana','garcia2015cdu'),
  (71,'minería de datos aplicada a la gestión docente del instituto superior politécnico josé antonio echeverría sobre un almacén de datos','convención científica de ingeniería y arquitectura','convención cujae','2014','cuba','la  habana','muñoz2014mdd'),
  (73,'implementación del esquema de firma digital ecdsa sobre el procesador embebido microblaze','xi seminario iberoamericano de seguridad en las tecnologías e la información','internacional','2013','cuba','la habana','diaz2013ide'),
  (75,'tratamiento de semántica con wordnet u ontologías en la exploración de mapas conceptuales','xv convención y feria internacional informática 2013','internacional','2013','cuba','la habana','hojas2013tds'),
  (77,'ejecución de pruebas de caja blanca en proyectos de software en el entorno universitarios','i congreso internacional de ingeniería informática y sistemas de información. ciiisi´12','internacional','2012','cuba','habana','gómez2012edp'),
  (79,'modelando con uml el proceso de evaluación de productos de software utilizando gqm','convención científica de ingeniería y arquitectura (ccia)','internacional','2014','cuba','la habana','hernandez2014mcu'),
  (81,'estimación de parámetros meteorológicos secundarios en la zona de casablanca usando técnicas de minería de datos.','vi simposio universitario iberoamericano sobre medioambiente (suima)','convención cujae','2010','cuba','la habana','zerquera2010edp'),
  (85,'capa de servicios para solucionar problemas de planificación de rutas de vehículos','ix taller científico provincial de jóvenes de la especialidad de tecnología y sistemas en la 11na peña tecnológica','nacional','2016','cuba','la habana','torres2016cds'),
  (87,'la simulación física virtual para esclarecer delitos de caída libre','viii peña tecnológica minint','nacional','2013','cuba','la habana','pina2013lsf'),
  (93,'efficient search supporting several similarity queries by reordering pivots','iasted international conference signal processing, pattern recognition, and applications (sppra 2011)','internacional','2011','austria','innsbruck','socorro2011ess'),
  (95,'métricas de calidad para el diseño de esquemas conceptuales de bases de datos','xv convención científica internacional de ingeniería y arquitectura de la cujae','convención cujae','2012','cuba','la habana','gonzález2012mdc'),
  (97,'algoritmos de portafolios en problemas dinámicos','seminario internacional sobre sostenibilidad de la investigación en sistemas inteligentes (si3)','internacional','2012','cuba','la habana','fajardo2012adp'),
  (103,'correlation of resampling methods for contrast pattern based classifiers','vii mexican conference on pattern recognition, mcpr','internacional','2015','méxico','méxico df','garcia2015cor'),
  (105,'técnicas de algoritmo-? y minería genética para la obtención de modelos de procesos a partir de trazas de ejecución de procesos','compumat 2013','internacional','2013','cuba','la habana','socorro2013tda'),
  (107,'mitos y avances de ntic en educación','primer ciclo de conferencias para la formación del recurso humano en educación','internacional','2012','guatemala','ciudad de guatemala','rosete2012mya'),
  (109,'modelos basados en soft computing para el diseño de rutas de vehículos: soluciones en diferentes entornos.','seminario internacional sobre la sostenibilidad de la investigación en sistemas inteligentes','internacional','2012','cuba','la habana','torres2012mbe'),
  (111,'propuesta de plataforma de computación paralela cpu/gpu y sus aplicaciones','datys tecnología 2012','nacional','2012','cuba','la habana','socorro2012pdp'),
  (115,'experiencias de la cujae en la aplicación del modelo previsto para las carreras de ingeniería universalizadas','evento provincial universidad 2010','universidad','2009','cuba','la habana','fernandez2009edl'),
  (121,'algoritmos evolutivos multi-objetivos para la extracción de reglas de asociación cuantitativas','seminario internacional sobre sostenibilidad de la investigación en sistemas inteligentes (si3)','internacional','2012','cuba','la habana','martín2012aem'),
  (123,'way to successful software','serp 2012 international conference on software engineering research and practice','internacional','2012','estados unidos','las vegas','gonzález2012wts'),
  (127,'lpidb v1.0 - latent palmprint identification database','international joint conference on biometrics','internacional','2014','estados unidos','clearwater, florida','garcia2014lv-'),
  (129,'determinación de la influencia de los indicadores en la nota  de los controles a clases utilizando minería de datos.','universidad 2014. evento de base','universidad','2013','cuba','la habana','jaime2013ddl'),
  (131,'nuevos esquemas basados en sc para problemas combinatorios dinámicos','foro de innovaciones tecnológicas para el transporte (transnova 2012)','internacional','2012','españa','islas canarias','fajardo2012neb'),
  (133,'proceso para la ejecución de pruebas en entornos virtuales','i congreso internacional de ingeniería informática y sistemas de información, xvi convencion cientifica de ingenieria y arquitectura','convención cujae','2012','cuba','la habana','torres2012ppl'),
  (135,'mineria de datos aplicada a los registros de navegacion por internet: preparacion de datos','xv convención científica de ingeniería y arquitectura, ccia''2010','internacional','2010','cuba','la habana','rosete2010mdd'),
  (137,'tendencias en las metodologías ágiles. experiencias de aplicación en entorno universitario','i simposium internacional de tecnologías de la información y comunicación. instituto tecnológico superior de lerdo, lerdo, méxico, octubre 2012','internacional','2012','méxico','lerdo. durango','delgado2012tel'),
  (139,'laboratorio virtual para la informática educativa','xvi forum provincial de ciencia y técnica','forum','2013','cuba','la habana','garay2013lvp'),
  (143,'software exitoso. mito o realidad','iii taller nacional de comercio y negocio electrónico. panel ?desarrollo, calidad y protección del software?','nacional','2011','cuba','la habana','gonzález2011sem'),
  (149,'protección de las conexiones de red','2da conferencia científica bilateral','internacional','2011','cuba','la habana','de2011pdl'),
  (151,'panel de desarrollo, calidad y protección del software','iii taller nacional de comercio y negocio electrónico','nacional','2011','cuba','la habana','gonzález2011pdd'),
  (155,'interoperabilidad semántica en las historias clínicas electrónicas','ii congreso internacional de ingeniería informática y sistemas de información','convención cujae','2014','cuba','habana','calzada2014ise'),
  (157,'aplicación  de métricas de calidad para determinar la pertinencia del uso de protocolos multi-agente de negociación electrónica','17 convención científica de ingeniería y arquitectura de la cujae','convención cujae','2014','cuba','la habana','gonzález2014adm'),
  (163,'seinet, ?sistema para la extracción de información estructurada desde texto en español?','xv convención y feria internacional informática 2013','internacional','2013','cuba','la habana','simon2013s?p'),
  (173,'análisis de los resultados de los controles a clases aplicados en las carreras universalizadas en la habana','evento provincial universidad 2014','nacional','2013','cuba','la habana','hernandez2013adl'),
  (175,'aproximación inicial a la generación automática de grafos de asociación a partir de texto','compumat 2013','internacional','2013','cuba','habana','guevara2013aia'),
  (179,'experiencias prácticas de un proceso de pruebas de software en el laboratorio de calidad de un ambiente universitario','datis tecnología y sistemas, noviembre de 2012','nacional','2012','cuba','la habana','jústiz2012epd'),
  (181,'implementación del esquema de firma digital sobre el procesador embebido microblaze','informática 2013','internacional','2013','cuba','la habana','torres2013ide'),
  (183,'comparing quality measures for contrast pattern classifiers','18th iberoamerican congress on pattern recognition, ciarp 2013,','internacional','2013','cuba','havana','garcia2013cqm'),
  (185,'?la extensión universitaria en la formación integral de los estudiantes. experiencias en dos centros universitarios?','xiii congreso latinoamericano de extensión universitaria.','internacional','2015','cuba','la habana','becerra2015?eu'),
  (187,'integration of fuzzypred to knime','eureka international virtual physical meeting eureka 2014','internacional','2014','méxico','culiacán','ceruto2014iof'),
  (191,'comparación de escalador de colinas y estrategias cooperativas en cuatro problemas de optimización dinámicos','viii congreso español de metaheurísticas, algoritmos evolutivos y bioinspirados','internacional','2012','españa','albacete','fajardo2012cde'),
  (195,'aplicaciones de reconocimiento de patrones en la investigación criminal','viii simposio de la técnica criminalística cubana. tecnicrim 2012','internacional','2012','cuba','la habana','socorro2012adr'),
  (197,'proposal of improvement for data broadcasting service conformation in cuban tdt','3th international digital television forum','internacional','2015','cuba','la habana','pina2015poi'),
  (199,'la programación orientada a aspectos. aplicación en la seguridad de una aplicación web.','uciencia 2012','nacional','2012','cuba','la habana','hernández2012lpo'),
  (201,'comparación entre implementaciones de un  bus de servicio empresarial','convención cientifica de ingeniería y arquitectura','convención cujae','2013','cuba','la habana','díaz2013cei'),
  (203,'an empirical study of oversampling and undersampling methods for lcmine an emerging pattern based classifier','mcpr 2013','internacional','2013','méxico','querétaro','garcia2013aes'),
  (207,'rup ¿proceso para el desarrollo de software seguro?','vi taller de calidad en las tecnologías de la información y las comunicaciones, xv convención y feria internacional informática 2013','internacional','2013','cuba','la habana','pérez2013r¿p'),
  (209,'metaheurísticas para reducir la distancia recorrida por los equipos en las series nacionales de béisbol','congreso internacional compumat 2013','internacional','2013','cuba','habana','rosete2013mpr'),
  (211,'consideraciones acerca de una caracterización del doctorado en ingeniería informática en cuba','10mo congreso internacional de educación superior, universidad 2016','internacional','2015','cuba','matanzas','rosete2015cad'),
  (213,'paralelización del algoritmo criptográfico gost empleando cuda','peña tecnológica 2012','nacional','2012','cuba','la habana','henry2012pda'),
  (215,'propuesta de metodología se selección tecnológica para el desarrollo de entornos virtuales 3d para dispositivos móviles','vii taller científico 9na peña tecnológica minint','nacional','2014','cuba','la habana','pina2014pdm'),
  (223,'detección de objetos en vídeo usando tecnología gpu','viii simposio de la técnica criminalística cubana. tecnicrim 2012','internacional','2012','cuba','la habana','socorro2012ddo'),
  (225,'diseño de los rpocedimientos de selección e integración del desempeño en la ueb muebles sanitarios','1er taller de gestión del capital humano','nacional','2013','cuba','san josé de las lajas','hernandez2013ddl'),
  (227,'aplicación de sistemas de realidad virtual en la investigación de hechos delictivos','forum de ciencia y técnica','forum','2013','cuba','la habana','pina2013ads'),
  (229,'la metodología crisp-dm aplicada a un proyecto de minería de procesos','datys tecnologías 2012.','nacional','2013','cuba','la habana','jaime2013lmc'),
  (231,'estudio de los resultados de los controles a clases aplicados en las carreras universalizadas en la habana','evento de bae universidad 2014','universidad','2013','cuba','la habana','hernandez2013edl'),
  (233,'mecanismo para el control de integridad de software frente ataques de ingeniería inversa en ambientes de ejecución no confiables','2do congreso internacional \"la investigación al servicio del buen vivir\"','internacional','2015','ecuador','portoviejo','nuñez2015mpe'),
  (235,'sistema para la descripción y recuperación de vídeo','viii simposio de la técnica criminalística cubana. tecnicrim 2012','internacional','2012','cuba','la habana','socorro2012spl'),
  (237,'modelos de toma de decisión multicriterios para evaluar la calidad de los servicios','seminario internacional sobre sostenibilidad de la investigación en sistemas inteligentes (si3)','internacional','2012','cuba','la habana','morales2012mdt'),
  (239,'solution of the model for the allocation of human resources to software development project teams using population based multiobjective metaheuristic','vi taller internacional de calidad en las tecnologías de la información y las comunicaciones','internacional','2013','cuba','la habana','infante2013sot'),
  (241,'improving the multiple alignments strategy for fingerprint verification','mcpr 2012','internacional','2012','méxico','huatulco','garcia2012itm'),
  (245,'ontoparts: a tool to select part-whole relations in owl ontologies','9th extended semantic web conference (eswc''12)','internacional','2012','grecia','heraklion, crete','fernandez2012oat'),
  (249,'resultados del sistema para la asistencia del trabajo operativo y pericial de la criminalística cubana (stop-crim)','viii simposio de la técnica criminalística cubana. tecnicrim 2012','internacional','2012','cuba','la habana','socorro2012rds'),
  (251,'par-knime: conjunto de plugins para extraer reglas de asociación cuantitativas en knime','iii conferencia internacional en ciencias computacionales e informáticas. informática 2016','internacional','2016','cuba','la habana','lapeira2016pcd'),
  (255,'uso de opencyc y un corpus de ontologías en el aprendizaje de ontologías con mapas conceptuales','iv simposio de lógica fuzzy y soft computing (lfsc). congreso español de informática 2013 (cedi 2013)','internacional','2013','españa','madrid','simon2013udo'),
  (257,'enseñanza de la informática en el contexto cubano','primer ciclo de conferencias para la formación del recurso humano en educación','internacional','2012','guatemala','ciudad de guatemala','rosete2012edl'),
  (259,'?sistema de soporte a la educación doctoral.?','xlll congreso latinoamericano de extensión universitaria. pre-evento cujae.','universidad','2015','cuba','la habana','hernandez2015?ds'),
  (261,'robust fingerprint verification using m-triplets','ichb 2011','internacional','2011','china','hong kong','garcia2011rfv'),
  (263,'obtención de parámetros físicos iniciales de una simulación a partir de los finales','informática 2013, 6to congreso internacional de tecnologías, contenidos multimedia y realidad virtual','internacional','2013','cuba','la habana','pina2013odp'),
  (265,'comparación de algoritmos metaheurísticos en la resolución del problema de planificación de rutas de camiones y remolques con restricciones difusas','x congreso español de metaheurísticas, algoritmos evolutivos y bioinspirados (maeb 2015)','internacional','2015','españa','mérida-almendralejo','torres2015cda'),
  (267,'herramienta para el mejoramiento de vídeos','viii simposio de la técnica criminalística cubana. tecnicrim 2012','internacional','2012','cuba','la habana','socorro2012hpe'),
  (271,'aplicación de algoritmos metaheurísticos con estrategias de paralelización al problema de asignación de personal a equipos de proyectos de software','convención cientifica de ingeniería y arquitectura','internacional','2012','cuba','la habana','escaleras2012ada'),
  (273,'experiencias prácticas de la aplicación de un proceso de pruebas de software en el laboratorio de calidad de un ambiente universitario','vi taller internacional de calidad en las tecnologías de la información y las comunicaciones.','internacional','2013','cuba','habana','gómez2013epd'),
  (277,'gestión de proyectos de software en el citi y su implementación con team foundation server','i congreso internacional de ingeniería informática y sistemas de información. ciiisi´12','internacional','2012','cuba','habana','delgado2012gdp'),
  (279,'metaheurísticas en la cujae: desde los agentes hasta la pelota','jornada ?40 aniversario del cei?','nacional','2013','cuba','santa clara','rosete2013mel'),
  (281,'diagnóstico del proceso de gestión de la idoneidad para el área de alimentación de la cujae','convenición científica de ingeniería y arquitectura','convención cujae','2014','cuba','la habana','hernandez2014ddp'),
  (283,'fuzzypred  (herramienta para la obtención de predicados difusos)','convención de ingeniería y arquitectura','convención cujae','2012','cuba','la habana','lapeira2012f(p'),
  (285,'sistema multiplataforma de modelación y diseño de escenarios 3d para entornos de trabajo con modelos compartidos','vii taller científico 9na peña tecnológica minint','nacional','2014','cuba','la habana','pina2014smd'),
  (287,'simulación virtual de accidentes de tránsito','viii peña tecnológica minint','nacional','2013','cuba','la habana','pina2013svd'),
  (289,'discovery of fuzzy predicates in database','fourth international workshop on knowledge discovery, knowledge management and decision support eureka workshop 2013, november 6-8, 2013,','internacional','2013','méxico','mazatlan','ceruto2013dof'),
  (293,'obtención de predicados difusos utilizando metaheurísticas','15 convención científica de ingeniería y arquitectura (ccia 2010)','convención cujae','2010','cuba','la habana','ceruto2010odp'),
  (295,'un observatorio tecnológico con un enfoque de inteligencia de negocio','ii congreso internacional de ingeniería informática y sistemas de información','convención cujae','2014','cuba','la habana','perez2014uot'),
  (297,'componentes de software para una infraestructura de llave pública','x seminario iberoamericano de seguridad en tecnologías de información y comunicaciones','internacional','2011','cuba','la habana','diaz2011cds'),
  (301,'arquitectura computacional para predecir el rendimiento académico de alumnos de la uan','xvi congreso de informática en la educación, informática 2016','internacional','2016','cuba','la habana','lau2016acp'),
  (305,'problemas de optimización decepcionantes dinámicos, experimentación con metaheurísticas','ii congreso internacional de ingeniería informática y sistemas de información (ciiisi?14)','convención cujae','2014','cuba','la habana','fajardo2014pdo'),
  (307,'mopnar-bigdata: un diseño mapreduce para la extracción de reglas de asociación cuantitativas en problemas de big data','1er workshop en big data y análisis de datos escalable, caepia 2015','internacional','2015','españa','albacete','martín2015mud'),
  (309,'componentes de cifrado simétrico sobre microblaze basados en los estándares aes y gost','xi seminario iberoamericano de seguridad en las tecnologías e la información','internacional','2013','cuba','la habana','diaz2013cdc'),
  (311,'modelo de representación conceptual de contenido para el minado de textos','ii congreso internacional de ingeniería informática y sistemas de información (ciiisi´14)','internacional','2014','cuba','habana','simon2014mdr'),
  (313,'proceso de prueba de software para un laboratorio de calidad soportado en microsoft testmanager de team fundation server','i congreso internacional de ingeniería informática y sistemas de información, xvi convencion cientifica de ingenieria y arquitectura','convención cujae','2012','cuba','la habana','jústiz2012pdp'),
  (315,'using methods for ranking fuzzy numbers in the ttrp with fuzzy demands and capacities','12th international conference on operations research (icor 2016)','internacional','2016','cuba','la habana','torres2016umf'),
  (317,'an agent based implementation of proactive s-metaheuristics','international conference on hybrid artificial intelligence systems, hais 2013','internacional','2013','españa','salamanca','moreno2013aab'),
  (319,'la tecnología como herramienta de formación','primer ciclo de conferencias para la formación del recurso humano en educación','internacional','2012','guatemala','ciudad de guatemala','rosete2012ltc'),
  (321,'a conceptual data model for the automatic generation of data views','eureka 2014','internacional','2013','méxico','mazatlán','fernandez2013acd'),
  (323,'arquitectura de servicios web siguiendo lineamientos soa en el entorno sigenu','15 convención científica de ingeniería y arquitectura','convención cujae','2010','cuba','la habana','díaz2010ads'),
  (325,'herramienta de soporte a un sistema de métricas e indicadores para la gestión de proyectos','xv convención y feria internacional informática 2013','internacional','2013','cuba','la habana','montero2013hds'),
  (331,'redes de autoverificación de integridad','jornada ?40 aniversario del cei?','nacional','2013','cuba','santa clara','sepulveda2013rda'),
  (333,'capacidad de orquestación en mule esb y osb','ii congreso internacional de ingeniería informática y sistemas de información (ciiisi´14)','convención cujae','2014','cuba','la habana','fernandez2014cdo'),
  (339,'una estrategia multiobjetivo para el ttrp con restricciones difusas','xvii convención científica de ingeniería y arquitectura','internacional','2014','cuba','la habana','torres2014uem'),
  (341,'adaptation schemes and dynamic optimization problems: a basic study on the adaptive hill climbing memetic algorithm','vi international workshop on nature inspired cooperative strategies for optimization, nicso','internacional','2013','suiza','canterbury, uk','fajardo2013asa'),
  (343,'control interno en el subproceso de pago en el instituto superior politécnico josé antonio echeverría','geap 2015','nacional','2015','cuba','habana','gómez2015cie'),
  (345,'factores que influyen en el éxito académico en el primer año de ingeniería informática','xvi congreso de informática en la educación','internacional','2016','cuba','la habana','lau2016fqi'),
  (347,'biblioteca de heurísticas de construcción para problemas de planificación de rutas de vehículos','ix taller científico provincial de jóvenes de la especialidad de tecnología y sistemas en la 11na peña tecnológica','nacional','2016','cuba','la habana','torres2016bdh'),
  (349,'evaluación del desempeño de roles en el proceso de formación del ingeniero informático. aplicación de la minería de datos','ii congreso internacional de ingeniería informática y sistemas de información. convención cujae','internacional','2014','cuba','la habana','wilford2014edd'),
  (353,'implementación de variantes proactivas a las s-metaheurísticas: algoritmo gran diluvio, aceptación por umbral y record to record travel, siguiendo la filosofía de los agentes','iii conferencia internacional en ciencias computacionales e informáticas','internacional','2016','cuba','la habana','escalera2016idv'),
  (355,'particionado hardware-software de sistemas embebidos usando lógica difusa','i congreso internacional de ingeniería informática y sistemas de información. ccia','internacional','2012','cuba','la habana','diaz2012phd'),
  (361,'biblioteca de clases para integrar algoritmos metaheuristicos','compumat 2009','internacional','2009','cuba','la habana','bardaji2009bdc'),
  (367,'infromatización del proceso de planificación, control y evaluación del plan  de resultados de los profesores universitarios','10 congreso internacional de educación superior','nacional','2015','cuba','la habana','hernandez2015idp'),
  (369,'implementación de un sistema de métricas para la gestión de proyectos en el citi','xvi convención científica de ingeniería y arquitectura','convención cujae','2012','cuba','la habana','montero2012idu'),
  (373,'solución al problema de conformación de equipos de proyectos de software utilizando la biblioteca de clases biciam','ii congreso internacional de ingeniería informática y sistemas de  información   (ciiisi?14)','convención cujae','2014','cuba','la habana','infante2014sap'),
  (375,'modelado de procesos de negocio. evolución de un concepto modelado de procesos de negocio: evolución de un concepto en el contexto citi-cujae','ciiisi´2012, convención de la cujae','internacional','2012','cuba','la habana','lopez2012mdp'),
  (377,'a characterization of the performance of ordering methods in ttrp with fuzzy coefficients in the capacity constraints','16th international conference on information processing and management of uncertainty in knowledge-based systems','internacional','2016','países bajos','eindhoven','torres2016aco'),
  (381,'dispositivos de hardware reconfigurable: un punto de vista desde la informática','convención y feria internacional informática 2016','internacional','2016','cuba','habana','sepulveda2016ddh'),
  (385,'factores que influyen en el éxito académico de estudiantes de la carrera ciencias de la computación','universidad 2016 10 congreso internacional de educacion superior','internacional','2016','cuba','la habana','becerra2016fqi'),
  (389,'modelación tabular: una alternativa sugerente para el análisis de los datos','ii congreso internacional de ingeniería informática y sistemas de información (ciiisi´14)','internacional','2014','cuba','habana','simon2014mtu'),
  (393,'fuzzypred 2.0 (herramienta para la obtención de predicados difusos a partir de datos)','convención internacional de informática habana 2013','internacional','2012','cuba','la habana','lapeira2012f2('),
  (395,'metaheurísticas en la facultad de informática de la cujae: ¿de dónde venimos? ¿hacia dónde vamos?','seminario internacional sobre sostenibilidad de la investigación en sistemas inteligentes (si3)','internacional','2012','cuba','la habana','rosete2012mel'),
  (397,'sistema de apoyo a la gestion automatizada de la formacion doctoral en la cujae','universidad 2016 provincial','nacional','2015','cuba','la habana','hernandez2015sda'),
  (399,'propuesta para el uso de información georreferenciada en el sistema de información docente de la educación superior en cuba','convención científica de ingeniería y arquitectura','convención cujae','2014','cuba','la  habana','muñoz2014ppe'),
  (401,'aprendizaje en problemas de optimizacion dinamicos: un analisis sobre el algoritmo ahma','ix congreso español de metaheurísticas, algoritmos evolutivos y bioinspirados','internacional','2013','españa','madrid','fajardo2013aep'),
  (403,'algoritmos metaheurísticos de trayectoria con estrategias de paralelización','informática 2013','internacional','2013','cuba','la habana','escaleras2013amd'),
  (405,'fuerza asociativa global en recuperación de información','i congreso internacional de ingeniería informática y sistemas de información','convención cujae','2012','cuba','la habana','guevara2012fag'),
  (407,'servicio de directorio para consultas basadas en la localización','i congreso internacional de ingeniería informática y sistemas de información','convención cujae','2012','cuba','la habana','sánchez2012sdd'),
  (409,'aplicación de un procedimiento para la gestión de requisitos de software','v taller de calidad en las tecnologias de la información y las telecomunicaciones. xiv convención y feria internacional informática 2011','convención cujae','2011','cuba','la habana','gómez2011adu'),
  (411,'informatización de métricas para evaluar calidad en los productos de software','convención científica de ingeniería y arquitectura (ccia)','internacional','2014','cuba','la habana','hernandez2014idm'),
  (415,'experiencias sobre la formación de ingenieros informáticos en cuba','1ra. conferencia internacional uciencia','internacional','2014','cuba','la habana','leyva2014esl'),
  (417,'algoritmo de minería de datos para obtener predicados difusos utilizando metaheurísticas','i conferencia internacional de ciencias computacionales e informáticas','internacional','2011','cuba','la habana','ceruto2011adm'),
  (419,'conferencia magistral \"ciencias del diseño en sistemas de información en dominios de negocio\"','uciencia 2012','universidad','2012','cuba','la habana','lopez2012cm'),
  (421,'software libre aplicado a la ingenieria','5º. congreso internacional de ingeniería 2013','internacional','2013','méxico','tampico','sepulveda2013sla'),
  (425,'estimación de distancias a partir de avatargrafías','i congreso de ingeniería informática y sistemas de información. xvi convención científica de ingeniería y arquitectura','internacional','2012','cuba','la habana','pina2012edd'),
  (427,'metodología para la selección tecnológica de herramientas para la creación de sistemas de rv de escritorios basados en ev3d','vii taller científico 9na peña tecnológica minint','nacional','2014','cuba','la habana','pina2014mpl'),
  (429,'técnicas para el tratamiento de restricciones en el problema de conformación de equipos de proyectos de software','convención científica de ingeniería y arquitectura','convención cujae','2014','cuba','la habana','escaleras2014tpe'),
  (431,'creación, edición y visualización de avatars panorámicas interactivas','i congreso de ingeniería informática y sistemas de información. xvi convención científica de ingeniería y arquitectura','internacional','2012','cuba','la habana','pina2012cey'),
  (433,'obtención de conceptos similares de un corpus de mapas conceptuales','ii congreso internacional de ingeniería informática y sistemas de información (ciiisi´14)','internacional','2014','cuba','habana','simon2014odc'),
  (437,'acercamiento a un modelo de recuperación de información geográfica basado en técnicas de exploración y descripción semántica de datos geoespaciales.','1er taller cubano de web semántica (tcws 2014). xiii international congress on information info''2014.','internacional','2014','cuba','habana','simon2014aau'),
  (439,'fuzzypred 2.0 \"herramienta para la obtención de predicados difusos a partir de datos\"','convención internacional informática-habana 2013','internacional','2013','cuba','la habana','lapeira2013f2\"'),
  (445,'análisis semántico sobre mapas conceptuales basado en una ontología de dominio','ii congreso internacional de ingeniería informática y sistemas de información (ciiisi´14)','internacional','2014','cuba','habana','simon2014ass'),
  (451,'plan de estudios vs contra avances tecnológicos en la cujae: un caso de estudio.','xvii congreso internacional de investigación educativa','internacional','2010','méxico','tampico','sepulveda2010pde'),
  (453,'implementación eficiente de la multiplicación modular de montgomery sobre hardware reconfigurable','taller sobre hardware reconfigurable','internacional','2012','cuba','la habana','torres2012ied'),
  (455,'generación automática de procedimientos de prueba a partir de especificaciones de requisitos','i congreso internacional de ingeniería informática y sistemas de información. ciiisi´12','internacional','2012','cuba','habana','delgado2012gad'),
  (457,'extracción de conocimiento en bases de datos usando lógica difusa y metaheurísticas','iii taller internacional las tic en la gestión de las organizaciones','internacional','2013','cuba','la habana','ceruto2013edc'),
  (459,'nuevos plugins para la herramienta knime para el uso de sus flujos de trabajo desde otras aplicaciones','convención científica de ingeniería y arquitectura ccia''2014','convención cujae','2014','cuba','la habana','bravo2014npp'),
  (463,'plataforma de computación paralela cpu/gpu y sus aplicaciones','ii conferencia internacional de ciencias computacionales e informática. convención de informática','internacional','2012','cuba','la habana','socorro2012pdc'),
  (465,'sistema de soporte a la decisión para la asignación de personal a proyectos de software','iv taller de calidad en las tecnologías de la información y las comunicaciones','internacional','2009','cuba','la habana','infante2009sds'),
  (467,'un enfoque multi-objetivo para el problema de ruteo de camiones y remolques con restricciones difusas','xv exposición forjadores del futuro','universidad','2016','cuba','la habana','torres2016uem'),
  (469,'desarrollo de un paquete tecnológico para el mantenimiento predictivo industrial.','senie 11','internacional','2011','méxico','chiapas. mexico','sepulveda2011ddu'),
  (471,'crisp-dm methodology applied to a mining project process: a case study','fourth international workshop on knowledge discovery, knowledge management and decision support. eureka-2013','internacional','2013','méxico','matzaplan','socorro2013cma'),
  (473,'truck and trailer routing problem under fuzzy environment','16th world congress of the international fuzzy systems association (ifsa) and the 9th conference of the european society for fuzzy logic and technology (eusflat)','internacional','2015','españa','gijón, asturias','torres2015tat'),
  (475,'mopnar: algoritmo evolutivo multi-objetivo para extraer reglas de asociación cuantitativas positivas y negativas','congreso español sobre metaheurísticas, algoritmos evolutivos y bioinspirados (maeb 2013)','internacional','2013','españa','madrid','martín2013mae'),
  (477,'mecansimos de protección basados en el proceso de compilación para la protección automatizada de sw','seminario iberoamericano de seguridad en las tic. informatica 2016','internacional','2016','cuba','la habana','diaz2016mdp'),
  (479,'semantic enhancement of learning object repositories','fourth international workshop on knowledge discovery, knowledge management and decision support','internacional','2013','méxico','mazatlán','fernandez2013seo'),
  (481,'comparación de operadores de mutación en el problema de planificación de rutas de camiones y remolques','xvi convención y feria internaciona  informática 2016','internacional','2016','cuba','la habana','torres2016cdo'),
  (483,'fuzzy constraints in the truck and trailer routing problem','fourth international workshop on knowledge discovery, management and decision support (eureka 2013)','internacional','2013','méxico','mazatlán','torres2013fci'),
  (485,'diagnóstico del proceso de gestión de recursos humanos en el instituto superior politécnico josé antonio echeverría','vii simposio de ingeniería industrial y afines. ccia 2012','convención cujae','2012','cuba','la habana','hernandez2012ddp'),
  (487,'ahorro en la transportación de los equipos en las series nacionales de béisbol empleando metaheurísticas','xvi forum de ciencia y técnica, nivel cujae','universidad','2013','cuba','habana','rosete2013ael'),
  (489,'evaluación de la calidad de los servicios aplicando técnicas de decisión multicriterio','foro de innovaciones tecnológicas para el transporte','forum','2012','españa','islas canarias','morales2012edl'),
  (491,'una mirada al análisis de redes viales en cuba a partir de los datos','vi congreso de agrimensura','internacional','2013','cuba','la habana','sánchez2013uma'),
  (493,'evaluación de variantes de normalización para el modelo distancia de asociación global en recuperación de información','informática 2011','internacional','2011','cuba','la habana','guevara2011edv'),
  (495,'módulo para la simulación virtual de accidentes de tránsito','informática 2013, 6to congreso internacional de tecnologías, contenidos multimedia y realidad virtual','internacional','2013','cuba','la habana','pina2013mpl'),
  (497,'fuzzypred \"herramienta para la obtención de predicados difusos \"','conveción cientifica de ingeniería y arquitectura','convención cujae','2012','cuba','la habana','lapeira2012fp'),
  (501,'integration of fuzzypred to knime.','fifth international workshop on knowledge discovery, knowledge management and decision','internacional','2015','méxico','ciudad mexico','ceruto2015iof'),
  (503,'módulo de gestión de recursos humanos del sistema teamsoft','iv taller de calidad en las tecnologías de la información y las comunicaciones','internacional','2009','cuba','la habana','infante2009mdg'),
  (505,'teamsoft: sistema de gestión de recursos humanos','v conferencia científica de la universidad de ciencias informáticas','nacional','2010','cuba','la habana','infante2010tsd'),
  (507,'comparison of measures of similarities of previous problems for proactive selection of metaheuristics','congreso internacional compumat 2013','internacional','2013','cuba','habana','socorro2013com'),
  (509,'la integración de conocimiento mediante modelos basados en árboles de decisión','iii taller de descubrimiento de conocimiento, gestión de conocimiento y toma de decisiones','internacional','2011','españa','santander','torres2011lid'),
  (511,'analisis de vulnerabilidades en dispositivos moviles con android, en el sistema de mensajeria multimedia(mms)','2do congreso internacional \"la investigacion al servicio del buen vivir\"','internacional','2015','ecuador','manabi','sepulveda2015adv'),
  (513,'programas de acceso gratuito para aplicaciones en ingeniería','5to congreso internacional de ingeniería','internacional','2013','méxico','tampico','sepulveda2013pda'),
  (515,'j2g, generador de algoritmos de cómputo basado en grafos dicromáticos','1er simposio de mecatrónica','universidad','2016','cuba','la habana','marrero2016jgd'),
  (517,'recomendaciones para la redaccion y defensa del trabajo de diploma','forum municipal de ciencia y técnica','forum','2015','cuba','la habana','becerra2015rpl'),
  (519,'un acercamiento a la programación orientada a aspectos','uciencia 2012','nacional','2012','cuba','la habana','hernández2012uaa'),
  (521,'hacia una plataforma abierta para el desarrollo de la realidad virtual en cuba','informática 2013, 6to congreso internacional de tecnologías, contenidos multimedia y realidad virtual','internacional','2013','cuba','la habana','pina2013hup'),
  (525,'arquitectura y funcionalidades de un sistema de reconstrucción 3d','informática 2013, 6to congreso internacional de tecnologías, contenidos multimedia y realidad virtual','internacional','2013','cuba','la habana','pina2013ayf'),
  (527,'comparación de técnicas para la obtención de modelos de procesos a partir de trazas de ejecución de procesos','convención científica de ingeniería y arquitectura. i congreso internacional de ingeniería informática y sistemas de información.','internacional','2012','cuba','la habana','jaime2012cdt'),
  (529,'ejecución de pruebas de caja blanca en proyectos de software en el entorno universitario','i congreso internacional de ingeniería informática y sistemas de información, xvi convencion cientifica de ingenieria y arquitectura','convención cujae','2012','cuba','la habana','gómez2012edp'),
  (533,'experiencias en el desarrollo de un servicio web de geocodificación nacional basado en la especificación openls','vii congreso de agrimensura 2015','internacional','2015','cuba','la habana','sánchez2015eee'),
  (537,'experiencias en el desarrollo de aplicaciones seguras. hacking ético.','informática 2013','internacional','2013','cuba','la habana','sepulveda2013eee'),
  (539,'estimación de parámetros meteorológicos secundarios en la zona de la cujae utilizando técnicas de minería de datos','xv convención científica de ingeniería y arquitectura, ccia''2010','internacional','2010','cuba','la habana','morales2010edp'),
  (541,'medios de enseñanza utilizados en apoyo a la apropiación de los contenidos de la asignatura ¨minería de datos-knime¨','xvi forum de base de ciencia y técnica de trabajadores y estudiantes de la cujae','forum','2014','cuba','la habana','wilford2014mde'),
  (543,'adopción de iniciativas de inteligencia de negocio en múltiples escenarios de la gestión académica cubana.','convención científica de ingeniería y arquitectura','convención cujae','2014','cuba','la  habana','muñoz2014adi'),
  (545,'formación continua de la comunidad universitaria en la cujae','10 congreso internacional de educación superior','nacional','2015','cuba','la habana','alonso2015fcd'),
  (547,'un enfoque basado en minería de datos para el estudio y predicción del','iii taller de descubrimiento de conocimiento, gestión de conocimiento y toma de decisiones','internacional','2011','españa','santander','paredes2011ueb'),
  (551,'intercambio de modelos de objetos digitales entre aplicaciones de realidad virtual de código abierto','informática 2013, 6to congreso internacional de tecnologías, contenidos multimedia y realidad virtual','internacional','2013','cuba','la habana','pina2013idm'),
  (553,'impacto de las prácticas profesionales en la sociedad','xiii congreso latinoamericano de extensión universitaria','internacional','2015','cuba','la habana','gonzález2015idl'),
  (555,'obtención de los parámetros físicos iniciales de una simulación a partir de los finales','2do encuentro cuba-méxico de métodos numéricos y optimización','internacional','2013','cuba','la habana','pina2013odl'),
  (557,'descubrimiento   de conocimientos  a partir de la obtención de predicados de lógica   difusacompensatoria utilizando algoritmos metaheurísticos y programación   lógica','tercer taller internacional de descubrimiento de conocimiento, gestión del conocimiento y toma de   decisiones,  , 26-29 de octubre de 2011','internacional','2011','españa','santander, españa','rosete2011ddc'),
  (559,'bibliotecas para clientes de servicios geoespaciales','vii congreso internacional geomatica 2011','internacional','2011','cuba','la habana','sánchez2011bpc'),
  (561,'búsqueda de predicados en bases de datos, utilizando lógica difusa y metaheurísticas','tercer taller internacional de descubrimiento de conocimiento, gestión del conocimiento y toma de decisiones','internacional','2011','españa','santander, españa','ceruto2011bdp'),
  (563,'algoritmos heurísticos y métodos de solución aplicados al problema de  asignación de recursos humanos a equipos de proyecto de software','9na conferencia internacional de investigación de operaciones','internacional','2010','cuba','la habana','infante2010ahy'),
  (565,'chequeo de requisitos tempranos con simulación basada en agentes','iii conferencia internacional en ciencias computacionales e informáticas','internacional','2016','cuba','la habana','moreno2016cdr'),
  (567,'generación de llaves para algoritmo de cifrado rsa sobre microblaze','xi seminario iberoamericano de seguridad en las tecnologías e la información','internacional','2013','cuba','la habana','diaz2013gdl'),
  (571,'propuesta de arquitectura de un sistema de simulación de escenas controladas','i congreso de ingeniería informática y sistemas de información. xvi convención científica de ingeniería y arquitectura','internacional','2012','cuba','la habana','pina2012pda'),
  (573,'sigenu-dss-lite sistema de apoyo para la toma de decisiones en un centro de educación superior','convención científica de ingeniería y arquitectura','convención cujae','2014','cuba','la  habana','muñoz2014ssd'),
  (577,'ajustando los parámetros del recocido simulado para la partición hardware/software.','ii congreso internacional de ingeniería informática y sistemas de información','convención cujae','2014','cuba','la habana',NULL),
  (581,'detecting pneumatic failures on temporary immersion bioreactors','mexican conference on pattern recognition','internacional','2016','méxico','querétaro','garcia2016dpf'),
  (600,'orientación a objeto y mejoramiento de andromda para la web','xv convención científica de ingeniería y arquitectura. iv taller de informática aplicada. cujae 2010.','','2009','','','pagés2009oao'),
  (601,'desarrollo de software enfocado en reglas de negocio.','xv conferencia científica de ingeniería y arquitectura. iv taller de informática aplicada. cujae 2010.','','2010','cuba','','alonso2010dds'),
  (602,'módulo para la simulación de accidentes de tránsito','vii taller de visualización gráfica y realidad virtual. vi conferencia científica uciencia 2012','nacional','2012','cuba','','pina2012mpl'),
  (603,'desambiguación semántica no supervisada: implementación del algoritmo de lesk haciendo uso del recurso léxico wordnet.','xiv convención y feria internacional informática','','2011','cuba','la habana','fernandez2011dsn'),
  (604,'una visión del problema de ruteo de camiones y remolques','xvi convención científica de ingeniería y arquitectura','convención cujae','2012','cuba','','torres2012uvd'),
  (605,'viewonto: modelo conceptual para la generación automática de vistas de datos','ii congreso internacional de ingeniería informática y sistemas de información (ciiisi´14)','convención cujae','2014','cuba','','fernandez2014vmc'),
  (606,'integración de modelos de reglas de asociación obtenidos de múltiples fuentes de   datos utilizando metaheurísticas','tercer taller internacional de descubrimiento de conocimiento, gestión del conocimiento y toma de   decisiones,  , 26-29 de octubre de 2011','','2009','','santander, españa','martín2009idm'),
  (607,'integración de conocimiento mediante modelos basados en árboles de decisión','xv convención científica de ingeniería y arquitectura','','2010','cuba','','torres2010idc'),
  (608,'definición de un proceso de pruebas para los proyectos del citi','laccei 2011','','2011','','','delgado2011ddu'),
  (609,'reconstrucción tridimensional de escenarios a partir de imágenes','peña tecnológica minint','nacional','2012','cuba','','pina2012rtd'),
  (610,'estimación de distancias a partir de avatargrafías con patrón de escala','vii taller de visualización gráfica y realidad virtual. vi conferencia científica uciencia 2012','nacional','2012','cuba','','pina2012edd'),
  (611,'sistema de simulación de escenas controladas','jce ismi \"eliseo reyes rodríguez\"','universidad','2012','cuba','','pina2012sds'),
  (612,'experiencias en la enseñanza de las matemáticas discretas en el curso regular diurno de la especialidad informática.','i taller internacional ?la matemática, la física y la informática en el siglo xxi?, fimat xxi','','2009','cuba','holguín','fernandez2009eel'),
  (613,'algoritmo multigenerador de soluciones, para la competencia y colaboración de generadores metaheurísticos','i conferencia internacional de ciencias computacionales e informáticas, xiv convención y feria internacional informática 2011','','2011','cuba','la habana','fajardo2011amd'),
  (614,'los estudios antropométricos y la evaluación y diseño de puestos de trabajo','convenición científica de ingeniería y arquitectura','convención cujae','2014','cuba','','hernandez2014lea'),
  (615,'desambiguación semántica no supervisada: una aproximación hacia la implementación.','ii taller cubano eureka 2010 ?hacia una tecnología semántica y transdisciplinaria para la inteligencia organizacional y el desarrollo sostenible?','','2010','cuba','la habana','fernandez2010dsn'),
  (616,'recomendaciones para el desarrollo de software en entornos universitarios,','v taller de calidad en las tecnologías de la información y las telecomunicaciones, xiv convención y feria internacional informática 2011','','2011','','','delgado2011rpe'),
  (617,'integración de modelos de reglas de asociación obtenidos de múltiples fuentes de datos','xv convención científica de  ingeniería y arquitectura, ccia''2010','','2010','cuba','la habana','martín2010idm'),
  (618,'generalización del sistema de gestión de la nueva universidad (sigenu). módulos para la gestión docente y mercado de datos','fórum provincial de ciencia y técnica','forum','2011','cuba','','pagés2011gds'),
  (619,'integración de modelos de agrupamiento obtenidos de múltiples fuentes de datos   utilizando metaheurísticas','tercer taller internacional de descubrimiento de conocimiento, gestión del conocimiento y toma de   decisiones, 26-29 de octubre de 2011','','2011','','santander, españa','morales2011idm'),
  (620,'sistemas de relaciones intra e interuniversitarias de la cujae para asegurar la calidad en la formación en las condiciones de la universalización','universidad 2010','','2010','cuba','','ronda2010sdr'),
  (621,'un caso de prueba de una arquitectura flexible de simulación física','vii taller de visualización gráfica y realidad virtual. vi conferencia científica uciencia 2012','nacional','2012','cuba','','pina2012ucd'),
  (622,'una década de cómputo inteligente en el grupo alfa-beta','iii taller internacional de cómputo inteligente','internacional','2014','méxico','','sepulveda2014udd'),
  (623,'estimación de parámetros meteorológicos secundarios: altura de la capa de mezcla convectiva, velocidad de fricción y flujo de calor superficial en la zona de casa blanca utilizando técnicas de minería de datos','xv convención científica de ingeniería y arquitectura, ccia''2010, suima','internacional','2009','','la habana','zerquera2009edp'),
  (624,'apuntes iniciales para la simulación de escenas controladas en un entorno integrado','v congreso internacional de tecnologías, contenidos multimedia y realidad virtual','','2011','cuba','la habana','pina2011aip'),
  (625,'método para la integración de modelos de agrupamiento obtenidos de múltiples fuentes de datos','conferencia internacional de ciencias computacionales e informáticas 2011, cicci''11, xiv convención y feria internacional de informática 2011','','2011','cuba','la habana','morales2011mpl'),
  (626,'cálculo de prioridades de casos de prueba a partir de los requisitos funcionales','vii taller internacional de calidad en las tecnologías de la información y las comunicaciones calidad 2016','internacional','2016','cuba','','delgado2016cdp'),
  (627,'una aproximación a los métodos de desambiguación semántica en el procesamiento de lenguaje natural','xv convención científica de ingeniería y arquitectura','','2010','cuba','la habana','fernandez2010uaa'),
  (628,'paralelización del algoritmo minería organizacional usando el patrón paralelo segmentación de cauce','iii conferencia internacional en ciencias computacionales e informáticas','internacional','2016','cuba','','diaz2016pda'),
  (629,'metodología de desarrollo de software para el citi','v taller de calidad en las tecnologías de la información y las telecomunicaciones, xiv convención y feria internacional informática 2011, febrero, 2011','','2011','','','delgado2011mdd'),
  (630,'componente para gene rar combinaciones de valores de pruebas  utilizando  metaheurísticas','vii taller internacional de calidad en las tecnologías de la información y las comunicaciones calidad 2016','internacional','2016','cuba','','fernández2016cpg'),
  (631,'enfoque integral en el enfrentamiento al delito','ii taller internacional en la gestión de las organizaciones','','2011','cuba','la habana','pina2011eie'),
  (632,'integración de modelos de reglas de asociación obtenidos de múltiples fuentes de datos.','conferencia internacional de ciencias computacionales e informáticas 2011, cicci''11, xiv convención y feria internacional de informática 2011','','2011','cuba','la habana','martín2011idm'),
  (633,'esclarecimiento de los hechos delictivos mediante la realidad virtual','v congreso internacional de tecnologías, contenidos multimedia y realidad virtual','','2011','cuba','la habana','pina2011edl'),
  (634,'arquitectura para la protección automatizada de software. un caso de estudio','ciiisi','internacional','2014','cuba','','bolivar2014apl'),
  (635,'método de integración de arboles de decisión','conferencia internacional de ciencias computacionales e informáticas 2011, cicci''11, xiv convención y feria internacional de informática 2011','','2011','cuba','','torres2011mdi'),
  (636,'metodología de desarrollo de software para el citi,','laccei 2011','','2011','','','delgado2011mdd'),
  (637,'calidad en las aplicaciones web desde una perspectiva de seguridad','xiv convención y feria internacional informatica 2011','internacional','2011','cuba','','picayo2011cel'),
  (638,'paralelización del algoritmo minería organizacional usando el patrón paralelo reducción','iii conferencia internacional en ciencias computacionales e informáticas','internacional','2016','cuba','','diaz2016pda'),
  (639,'gestión del modelo de aseguramiento de un proceso a través de la herramienta de comercio electrónico intercompras ® tienda','logmark la habana','','2011','cuba','la habana','acevedo2011gdm'),
  (640,'herramienta para la creación, edición y visualización de avatars panorámicas interactivas','vii taller de visualización gráfica y realidad virtual. vi conferencia científica uciencia 2012','nacional','2012','cuba','','pina2012hpl'),
  (641,'herramienta para la detección de correspondencia en pares de imágenes relacionadas','vii taller de visualización gráfica y realidad virtual. vi conferencia científica uciencia 2012','nacional','2012','cuba','','pina2012hpl'),
  (642,'aplicación de técnicas de procesamiento de lenguaje natural para la obtención del artefacto glosario del negocio en proyectos de software','i taller ?hacia una tecnología semántica de la inteligencia organizacional y el desarrollo sostenible?','','2009','cuba','la habana','fernandez2009adt'),
  (643,'enseñanza de la gestión de software: formación de un profesional comprometido con la calidad','iv taller de informática aplicada, 15 convención científica de ingeniería y arquitectura','','2010','cuba','','andre2010edl'),
  (644,'herramienta para la creación, edición y visualización de una avatar 360 interactiva','forum de base ciencia y técnica','','2011','cuba','la habana','pina2011hpl'),
  (645,'diseño paralelo del algoritmo para el descubrimiento del modelo organizacional','ix taller científico nacional de jóvenes de la especialidad de tecnologías y sistemas','nacional','2016','cuba','','diaz2016dpd'),
  (646,'algoritmo multigenerador de soluciones para la competencia y colaboración de   generadores metaheurísticos','tercer taller internacional de descubrimiento de conocimiento, gestión del conocimiento y toma de   decisiones, 26-29 de octubre de 2011','','2011','','santander, españa','fajardo2011amd'),
  (647,'mitigar riesgos utilizando pruebas de sotware,','v taller de calidad en las tecnologías de la información y las telecomunicaciones, xiv convención y feria internacional informática 2011,','','2011','','','delgado2011mru'),
  (648,'definición de un procedimiento para la gestión de requisitos','laccei 2011','','2009','','','delgado2009ddu'),
  (649,'partición hardware/software de un codicador jpeg utilizando escalador de colinas estocástico','ciiisi','internacional','2014','cuba','','diaz2014phd'),
  (650,'definición de un proceso de pruebas para los proyectos del citi,','v taller de calidad en las tecnologías de la información y las telecomunicaciones, xiv convención y feria internacional informática 2011,','','2011','','','delgado2011ddu'),
  (670,'impacto de mda en la calidad de software experiencia práctica.','xv convención científica de ingeniería y arquitectura. iv taller de informática aplicada. cujae 2010.','convención cujae','2010','cuba','','alonso2010idm'),
  (671,'sistema de actividades presenciales y no presenciales para la asignatura de fundamentos de la informática','convenición científica de ingeniería y arquitectura','convención cujae','2014','cuba','','hernandez2014sda'),
  (672,'phpcollab y mantis, opción de código abierto para gestionar proyectos y errores','convención científica de ingeniería y arquitectura 2010','','2010','cuba','','ronda2010pym'),
  (673,'integración de modelos de agrupamiento obtenidos de múltiples fuentes de datos','convención científica de ingeniería y arquitectura  ccia''2010','','2010','','la habana','morales2010idm'),
  (675,'realidad virtual en la asistencia de la investigación criminal','viii simposio de la técnica criminalística cubana. tecnicrim 2012','internacional','2012','cuba','','pina2012rve'),
  (676,'tdd & fsu estrategia para mitigar riesgos','iv taller de informática aplicada, 15 convención científica de ingeniería y arquitectura','','2010','cuba','','andre2010t&f'),
  (677,'experiencias en el desarrollo de componentes de realidad virtual para la criminalística','2do coloquio para el desarrollo de aplicaciones de software. datys tecnologías 2011','nacional','2011','cuba','','pina2011eee'),
  (678,'integración de aplicaciones de realidad virtual en un entorno típico','vii taller de visualización gráfica y realidad virtual. vi conferencia científica uciencia 2012','nacional','2012','cuba','','pina2012ida'),
  (679,'biblioteca de clases para la ejecución de algoritmos no supervisados en la desambiguación del sentido de las palabras','vii congreso nacional de reconocimiento de patrones (recpat)','','2009','cuba','santiago de cuba','fernandez2009bdc'),
  (680,'obtención automática de glosarios de términos en proyectos de software mediante el procesamiento del lenguaje natural','xi congreso nacional de matemática y computación','','2009','cuba','','fernandez2009oad'),
  (681,'propuesta de laboratorio de testing para una unidad de desarrollo de software','convención científica de ingeniería y arquitectura 2010','','2010','cuba','','ronda2010pdl'),
  (682,'propuesta inicial para la recreación realista de escenas a partir de avatargrafías','v congreso internacional de tecnologías, contenidos multimedia y realidad virtual','','2011','cuba','la habana','pina2011pip'),
  (683,'retos y desafios en la formación doctoral','iii taller internacional de cómputo inteligente','internacional','2014','méxico','','sepulveda2014ryd'),
  (684,'estimación de distancias a partir de avatars','jce ismi \"eliseo reyes rodríguez\"','universidad','2012','cuba','','pina2012edd'),
  (685,'pruebas no paramétricas de rendimiento de un clasificador asociativo','ciiisi','internacional','2014','cuba','','rosete2014pnp'),
  (686,'la función de heaviside como una alternativa en la clasificación de patrones','ciiisi','internacional','2014','cuba','','delgado2014lfd'),
  (687,'a multi-objective evolutionary algorithm for mining','11th international conference on intelligent systems design and applications (isda)','','2011','españa','córdoba','martín2011ame'),
  (688,'la seguridad informática inteligente: atributos, presupuestos, contradicciones y enfoques','iii taller internacional de cómputo inteligente','internacional','2014','méxico','','sepulveda2014lsi');

COMMIT;

#
# Data for the `gradocientificootorgado` table  (LIMIT 0,500)
#

INSERT INTO `gradocientificootorgado` (`id`, `fecha`, `gradocientifico`, `idpersona`) VALUES 
  (1,NULL,'phd',132),
  (2,NULL,'mscesp',31),
  (3,'2010-01-01','phd',154),
  (4,NULL,'mscesp',234),
  (5,NULL,'mscesp',195),
  (6,NULL,'phd',61),
  (7,'2002-12-17','mscesp',74),
  (8,'2004-01-01','phd',204),
  (9,'2012-01-01','phd',74),
  (10,'2002-01-01','phd',75),
  (11,NULL,'mscesp',177),
  (12,NULL,'mscesp',92),
  (13,'2009-01-01','phd',149),
  (14,NULL,'mscesp',76),
  (15,NULL,'phd',190),
  (16,NULL,'mscesp',158),
  (17,NULL,'phd',30),
  (18,'2006-01-01','phd',229),
  (19,NULL,'phd',172),
  (20,'2007-01-01','phd',201),
  (21,NULL,'phd',157),
  (22,NULL,'phd',103),
  (23,'2013-01-01','phd',191),
  (24,'1997-09-07','mscesp',145),
  (25,NULL,'mscesp',174),
  (26,NULL,'phd',107),
  (27,'1998-01-01','phd',3),
  (28,NULL,'mscesp',193),
  (29,NULL,'phd',189),
  (30,NULL,'phd',150),
  (31,'2010-01-01','phd',184),
  (32,'2001-01-01','phd',43),
  (33,NULL,'mscesp',59),
  (34,'2009-01-30','mscesp',233),
  (35,NULL,'phd',82),
  (36,NULL,'mscesp',10),
  (37,'2007-01-01','phd',152),
  (38,'2008-01-01','phd',29),
  (39,'2005-10-13','mscesp',54),
  (40,'2010-07-14','mscesp',172),
  (41,NULL,'phd',212),
  (42,'2016-01-01','phd',140),
  (43,'1988-01-01','phd',221),
  (44,NULL,'phd',151),
  (45,'2014-01-01','phd',54),
  (46,NULL,'phd',114),
  (47,'2014-01-01','phd',233),
  (48,NULL,'phd',215),
  (49,NULL,'mscesp',244),
  (50,'2000-01-01','phd',167),
  (51,'2010-01-01','phd',178),
  (52,NULL,'mscesp',36),
  (53,'2009-01-01','phd',225),
  (54,NULL,'mscesp',232),
  (55,'2010-07-19','mscesp',140),
  (56,'2010-01-01','phd',39),
  (57,'2010-07-01','phd',109),
  (58,NULL,'phd',131),
  (59,'1991-01-01','phd',23),
  (60,NULL,'mscesp',24),
  (61,NULL,'phd',227),
  (62,NULL,'mscesp',218),
  (63,NULL,'mscesp',51),
  (64,NULL,'phd',56),
  (65,NULL,'mscesp',21),
  (66,'2008-02-06','mscesp',160),
  (67,'1986-01-01','phd',5),
  (68,'2009-01-01','phd',165),
  (69,'1995-01-01','phd',169),
  (70,NULL,'mscesp',112);

COMMIT;

#
# Data for the `personaencursopostgrado` table  (LIMIT 0,500)
#

INSERT INTO `personaencursopostgrado` (`id`, `nota`, `idpersona`, `idcurso`, `idpersonaencursopostgrado`) VALUES 
  (1,'5',53,131,NULL),
  (3,'4',121,131,NULL),
  (5,'c',65,51,NULL),
  (7,'5',186,27,NULL),
  (9,'5',42,73,NULL),
  (11,'5',47,89,NULL),
  (13,'c',146,85,NULL),
  (15,'5',1,63,NULL),
  (17,'3',50,51,NULL),
  (19,'c',123,57,NULL),
  (21,'5',153,73,NULL),
  (23,'4',110,65,NULL),
  (25,'c',110,109,NULL),
  (27,'c',193,5,NULL),
  (29,'c',84,57,NULL),
  (31,'5',236,129,NULL),
  (33,'5',163,95,NULL),
  (35,'c',22,51,NULL),
  (37,'c',60,73,NULL),
  (39,'c',50,31,NULL),
  (41,'c',120,39,NULL),
  (43,'c',157,127,NULL),
  (45,'c',66,29,NULL),
  (47,'c',33,39,NULL),
  (49,'c',53,39,NULL),
  (51,'c',15,89,NULL),
  (53,'c',123,73,NULL),
  (55,'c',192,59,NULL),
  (57,'c',48,63,NULL),
  (59,'c',228,107,NULL),
  (61,'c',78,89,NULL),
  (63,'3',95,73,NULL),
  (65,'4',133,95,NULL),
  (67,'3',159,139,NULL),
  (69,'4',53,113,NULL),
  (71,'5',164,27,NULL),
  (73,'3',179,63,NULL),
  (75,'5',128,89,NULL),
  (77,'c',179,31,NULL),
  (79,'c',133,91,NULL),
  (81,'4',175,73,NULL),
  (83,'c',27,109,NULL),
  (85,'5',157,1,NULL),
  (87,'c',99,91,NULL),
  (89,'c',19,73,NULL),
  (91,'c',119,109,NULL),
  (93,'4',179,29,NULL),
  (95,'c',60,57,NULL),
  (97,'c',183,73,NULL),
  (99,'5',188,51,NULL),
  (101,'5',79,23,NULL),
  (103,'4',206,73,NULL),
  (105,'5',193,138,NULL),
  (107,'4',45,63,NULL),
  (109,'5',81,141,NULL),
  (111,'c',120,131,NULL),
  (113,'c',15,39,NULL),
  (115,'4',8,131,NULL),
  (117,'4',18,3,NULL),
  (119,'5',20,9,NULL),
  (121,'c',84,137,NULL),
  (123,'c',20,35,NULL),
  (125,'c',90,127,NULL),
  (127,'5',133,9,NULL),
  (129,'c',236,35,NULL),
  (131,'c',30,41,NULL),
  (133,'5',47,39,NULL),
  (135,'c',226,19,NULL),
  (137,'c',27,29,NULL),
  (139,'c',220,31,NULL),
  (141,'c',113,71,NULL),
  (143,'c',140,5,NULL),
  (145,'5',193,129,NULL),
  (147,'c',228,89,NULL),
  (149,'5',81,81,NULL),
  (151,'c',98,35,NULL),
  (153,'5',203,25,NULL),
  (155,'c',187,41,NULL),
  (157,'c',20,5,NULL),
  (159,'5',57,119,NULL),
  (161,'5',192,65,NULL),
  (163,'c',14,131,NULL),
  (165,'4',128,39,NULL),
  (167,'4',30,123,NULL),
  (169,'c',86,5,NULL),
  (171,'4',187,95,NULL),
  (173,'c',31,91,NULL),
  (175,'c',100,57,NULL),
  (177,'c',188,85,NULL),
  (179,'c',175,137,NULL),
  (181,'c',119,29,NULL),
  (183,'c',19,89,NULL),
  (185,'c',100,39,NULL),
  (187,'4',105,73,NULL),
  (189,'c',99,127,NULL),
  (191,'3',237,19,NULL),
  (193,'c',192,85,NULL),
  (195,'c',163,5,NULL),
  (197,'c',60,131,NULL),
  (199,'c',58,85,NULL),
  (201,'c',183,89,NULL),
  (203,'4',50,85,NULL),
  (205,'5',81,21,NULL),
  (207,'c',30,91,NULL),
  (209,'4',7,113,NULL),
  (211,'4',95,39,NULL),
  (213,'4',32,123,NULL),
  (215,'c',33,131,NULL),
  (217,'5',113,63,NULL),
  (219,'c',193,35,NULL),
  (221,'5',52,119,NULL),
  (223,'c',99,5,NULL),
  (225,'c',137,109,NULL),
  (227,'c',79,51,NULL),
  (229,'c',159,91,NULL),
  (231,'c',137,29,NULL),
  (233,'5',175,39,NULL),
  (235,'c',31,5,NULL),
  (237,'c',186,41,NULL),
  (239,'c',124,73,NULL),
  (241,'c',52,73,NULL),
  (243,'c',86,91,NULL),
  (245,'5',159,129,NULL),
  (247,'5',240,19,NULL),
  (249,'c',4,131,NULL),
  (251,'c',104,109,NULL),
  (253,'c',104,85,NULL),
  (255,'c',140,91,NULL),
  (257,'c',206,113,NULL),
  (259,'c',105,107,NULL),
  (261,'5',83,99,NULL),
  (263,'5',45,85,NULL),
  (265,'c',30,5,NULL),
  (267,'c',32,35,NULL),
  (269,'c',83,35,NULL),
  (271,'c',86,127,NULL),
  (273,'4',32,1,NULL),
  (275,'c',24,1,NULL),
  (277,'c',14,137,NULL),
  (279,'c',64,109,NULL),
  (281,'5',20,129,NULL),
  (283,'5',235,39,NULL),
  (285,'c',57,73,NULL),
  (287,'c',226,5,NULL),
  (289,'c',123,137,NULL),
  (291,'c',206,131,NULL),
  (293,'c',206,39,NULL),
  (295,'4',84,39,NULL),
  (297,'c',57,89,NULL),
  (299,'4',8,113,NULL),
  (301,'5',86,134,NULL),
  (303,'c',99,35,NULL),
  (305,'4',53,119,NULL),
  (307,'c',153,137,NULL),
  (309,'c',24,35,NULL),
  (311,'c',79,63,NULL),
  (313,'c',179,71,NULL),
  (315,'c',60,137,NULL),
  (317,'5',24,19,NULL),
  (319,'c',236,127,NULL),
  (321,'4',186,123,NULL),
  (323,'4',128,113,NULL),
  (325,'4',8,89,NULL),
  (327,'c',4,89,NULL),
  (329,'5',98,129,NULL),
  (331,'c',83,5,NULL),
  (333,'c',236,5,NULL),
  (335,'c',203,57,NULL),
  (337,'5',203,87,NULL),
  (339,'c',140,127,NULL),
  (341,'c',216,107,NULL),
  (343,'c',242,127,NULL),
  (345,'4',163,1,NULL),
  (347,'5',197,139,NULL),
  (349,'c',78,113,NULL),
  (351,'c',193,127,NULL),
  (353,'c',230,85,NULL),
  (355,'5',30,1,NULL),
  (357,'3',17,73,NULL),
  (359,'5',183,119,NULL),
  (361,'4',228,73,NULL),
  (363,'5',119,63,NULL),
  (365,'c',32,127,NULL),
  (367,'c',53,73,NULL),
  (369,'4',84,119,NULL),
  (371,'4',156,85,NULL),
  (373,'c',115,57,NULL),
  (375,'c',15,57,NULL),
  (377,'c',45,29,NULL),
  (379,'c',28,131,NULL),
  (381,'c',100,131,NULL),
  (383,'c',242,5,NULL),
  (385,'c',15,73,NULL),
  (387,'c',186,5,NULL),
  (389,'c',205,137,NULL),
  (391,'c',24,5,NULL),
  (393,'c',164,41,NULL),
  (395,'5',140,95,NULL),
  (397,'5',79,115,NULL),
  (399,'c',31,35,NULL),
  (401,'c',100,113,NULL),
  (403,'c',146,63,NULL),
  (405,'c',183,131,NULL),
  (407,'c',108,127,NULL),
  (409,'c',1,109,NULL),
  (411,'c',124,45,NULL),
  (413,'c',133,41,NULL),
  (415,'c',230,51,NULL),
  (417,'c',30,127,NULL),
  (419,'c',1,29,NULL),
  (421,'c',115,89,NULL),
  (423,'c',60,89,NULL),
  (425,'c',163,91,NULL),
  (427,'c',58,59,NULL),
  (429,'c',45,109,NULL),
  (431,'4',73,119,NULL),
  (433,'c',207,113,NULL),
  (435,'c',115,131,NULL),
  (437,'c',193,41,NULL),
  (439,'5',128,119,NULL),
  (441,'3',12,45,NULL),
  (443,'c',120,73,NULL),
  (445,'c',213,113,NULL),
  (447,'c',78,39,NULL),
  (449,'4',90,83,NULL),
  (451,'3',79,85,NULL),
  (453,'c',119,71,NULL),
  (455,'5',213,97,NULL),
  (457,'c',42,89,NULL),
  (459,'c',137,59,NULL),
  (461,'c',146,109,NULL),
  (463,'c',46,1,NULL),
  (465,'c',1,51,NULL),
  (467,'c',136,89,NULL),
  (469,'c',146,51,NULL),
  (471,'5',48,65,NULL),
  (473,'c',44,63,NULL),
  (475,'5',235,89,NULL),
  (477,'5',162,89,NULL),
  (479,'5',86,1,NULL),
  (481,'5',240,129,NULL),
  (483,'5',121,89,NULL),
  (485,'c',84,73,NULL),
  (487,'5',58,143,NULL),
  (489,'5',137,67,NULL),
  (491,'4',118,39,NULL),
  (493,'5',236,49,NULL),
  (495,'3',87,111,NULL),
  (497,'c',206,89,NULL),
  (499,'4',47,131,NULL),
  (501,'c',52,89,NULL),
  (503,'c',119,31,NULL),
  (505,'c',79,29,NULL),
  (507,'c',12,89,NULL),
  (509,'c',86,35,NULL),
  (511,'5',19,7,NULL),
  (513,'3',27,51,NULL),
  (515,'c',57,113,NULL),
  (517,'c',207,107,NULL),
  (519,'c',183,39,NULL),
  (521,'3',119,51,NULL),
  (523,'c',159,35,NULL),
  (525,'c',226,41,NULL),
  (527,'c',22,59,NULL),
  (529,'c',49,127,NULL),
  (531,'c',105,131,NULL),
  (533,'c',100,89,NULL),
  (535,'5',240,139,NULL),
  (537,'5',83,129,NULL),
  (539,'c',1,59,NULL),
  (541,'5',179,85,NULL),
  (543,'5',86,9,NULL),
  (545,'c',137,51,NULL),
  (547,'5',193,19,NULL),
  (549,'5',60,39,NULL),
  (551,'c',49,5,NULL),
  (553,'5',159,19,NULL),
  (555,'4',104,59,NULL),
  (557,'4',235,45,NULL),
  (559,'4',14,39,NULL),
  (561,'c',108,91,NULL),
  (563,'3',64,51,NULL),
  (565,'5',99,9,NULL),
  (567,'5',81,93,NULL),
  (569,'c',41,29,NULL),
  (571,'c',31,127,NULL),
  (573,'5',163,123,NULL),
  (575,'c',105,57,NULL),
  (577,'5',50,63,NULL),
  (579,'5',205,39,NULL),
  (581,'c',64,31,NULL),
  (583,'c',58,51,NULL),
  (585,'c',124,89,NULL),
  (587,'c',15,107,NULL),
  (589,'c',112,91,NULL),
  (591,'c',230,63,NULL),
  (593,'c',115,113,NULL),
  (595,'c',83,127,NULL),
  (597,'c',112,41,NULL),
  (599,'c',78,137,NULL),
  (601,'4',87,133,NULL),
  (603,'c',104,65,NULL),
  (605,'c',4,39,NULL),
  (607,'c',216,131,NULL),
  (609,'c',78,57,NULL),
  (611,'c',17,131,NULL),
  (613,'4',87,11,NULL),
  (615,'c',46,41,NULL),
  (617,'c',42,39,NULL),
  (619,'c',32,41,NULL),
  (621,'c',183,113,NULL),
  (623,'5',45,59,NULL),
  (625,'5',81,53,NULL),
  (627,'5',157,123,NULL),
  (629,'c',113,31,NULL),
  (631,'c',157,35,NULL),
  (633,'c',192,109,NULL),
  (635,'c',187,127,NULL),
  (637,'c',240,91,NULL),
  (639,'5',162,113,NULL),
  (641,'c',79,109,NULL),
  (643,'c',157,5,NULL),
  (645,'c',115,137,NULL),
  (647,'c',48,51,NULL),
  (649,'5',213,119,NULL),
  (651,'c',230,29,NULL),
  (653,'c',197,41,NULL),
  (655,'c',41,65,NULL),
  (657,'4',203,103,NULL),
  (659,'c',216,89,NULL),
  (661,'4',239,51,NULL),
  (663,'c',17,137,NULL),
  (665,'c',226,1,NULL),
  (667,'c',105,137,NULL),
  (669,'5',236,19,NULL),
  (671,'c',104,31,NULL),
  (673,'c',4,137,NULL),
  (675,'4',120,89,NULL),
  (677,'c',65,63,NULL),
  (679,'c',187,35,NULL),
  (681,'5',240,9,NULL),
  (683,'c',123,113,NULL),
  (685,'c',99,41,NULL),
  (687,'4',121,39,NULL),
  (689,'c',83,91,NULL),
  (691,'5',81,17,NULL),
  (693,'c',46,127,NULL),
  (695,'c',98,127,NULL),
  (697,'5',53,89,NULL),
  (699,'c',104,51,NULL),
  (701,'3',100,73,NULL),
  (703,'c',206,57,NULL),
  (705,'c',242,35,NULL),
  (707,'c',24,95,NULL),
  (709,'5',64,85,NULL),
  (711,'4',179,51,NULL),
  (713,'c',90,35,NULL),
  (715,'c',33,89,NULL),
  (717,'5',140,1,NULL),
  (719,'c',235,73,NULL),
  (721,'c',66,85,NULL),
  (723,'5',137,117,NULL),
  (725,'3',87,105,NULL),
  (727,'c',226,95,NULL),
  (729,'c',236,91,NULL),
  (731,'c',239,59,NULL),
  (733,'5',197,129,NULL),
  (735,'c',188,109,NULL),
  (737,'c',239,65,NULL),
  (739,'c',197,5,NULL),
  (741,'c',115,39,NULL),
  (743,'c',187,5,NULL),
  (745,'c',30,35,NULL),
  (747,'5',203,47,NULL),
  (749,'4',239,29,NULL),
  (751,'c',186,127,NULL),
  (753,'5',157,95,NULL),
  (755,'c',73,57,NULL),
  (757,'4',7,131,NULL),
  (759,'c',42,107,NULL),
  (761,'c',105,113,NULL),
  (763,'c',226,91,NULL),
  (765,'c',12,39,NULL),
  (767,'5',99,129,NULL),
  (769,'5',179,65,NULL),
  (771,'c',207,131,NULL),
  (773,'c',138,91,NULL),
  (775,'c',52,113,NULL),
  (777,'4',118,89,NULL),
  (779,'c',159,127,NULL),
  (781,'c',197,127,NULL),
  (783,'3',115,73,NULL),
  (785,'3',73,113,NULL),
  (787,'c',104,29,NULL),
  (789,'c',66,63,NULL),
  (791,'c',213,89,NULL),
  (793,'c',124,131,NULL),
  (795,'5',112,95,NULL),
  (797,'4',8,39,NULL),
  (799,'5',31,1,NULL),
  (801,'c',58,109,NULL),
  (803,'c',17,57,NULL),
  (805,'c',73,137,NULL),
  (807,'c',42,131,NULL),
  (809,'c',46,95,NULL),
  (811,'c',22,109,NULL),
  (813,'c',73,73,NULL),
  (815,'c',46,91,NULL),
  (817,'c',66,51,NULL),
  (819,'3',33,73,NULL),
  (821,'c',207,89,NULL),
  (823,'c',66,109,NULL),
  (825,'c',64,71,NULL),
  (827,'c',20,127,NULL),
  (829,'4',186,95,NULL),
  (831,'c',213,39,NULL),
  (833,'c',46,5,NULL),
  (835,'4',14,119,NULL),
  (837,'c',12,73,NULL),
  (839,'5',86,15,NULL),
  (841,'5',48,23,NULL),
  (843,'4',220,29,NULL),
  (845,'c',26,89,NULL),
  (847,'c',124,107,NULL),
  (849,'c',226,35,NULL),
  (851,'c',159,41,NULL),
  (853,'5',45,71,NULL),
  (855,'c',192,63,NULL),
  (857,'c',60,113,NULL),
  (859,'c',242,13,NULL),
  (861,'5',90,129,NULL),
  (863,'c',100,137,NULL),
  (865,'c',228,131,NULL),
  (867,'4',19,113,NULL),
  (869,'4',119,85,NULL),
  (871,'5',113,85,NULL),
  (873,'c',41,59,NULL),
  (875,'c',90,91,NULL),
  (877,'4',235,113,NULL),
  (879,'c',57,39,NULL),
  (881,'c',240,5,NULL),
  (883,'3',108,1,NULL),
  (885,'c',193,91,NULL),
  (887,'4',220,85,NULL),
  (889,'c',42,113,NULL),
  (891,'c',153,89,NULL),
  (893,'4',128,131,NULL),
  (895,'c',73,89,NULL),
  (897,'c',24,127,NULL),
  (899,'c',240,35,NULL),
  (901,'c',240,127,NULL),
  (903,'c',235,131,NULL),
  (905,'5',98,9,NULL),
  (907,'c',32,5,NULL),
  (909,'c',187,91,NULL),
  (911,'3',228,113,NULL),
  (913,'c',235,107,NULL),
  (915,'3',128,73,NULL),
  (917,'5',164,123,NULL),
  (919,'c',17,113,NULL),
  (921,'c',124,113,NULL),
  (923,'c',49,35,NULL),
  (925,'c',98,41,NULL),
  (927,'c',164,91,NULL),
  (929,'c',242,1,NULL),
  (931,'5',138,129,NULL),
  (933,'c',4,113,NULL),
  (935,'c',186,35,NULL),
  (937,'5',31,129,NULL),
  (939,'c',42,137,NULL),
  (941,'5',175,131,NULL),
  (943,'c',20,41,NULL),
  (945,'c',44,109,NULL),
  (947,'c',86,41,NULL),
  (949,'3',220,51,NULL),
  (951,'c',164,5,NULL),
  (953,'4',28,39,NULL),
  (955,'5',203,140,NULL),
  (957,'c',159,5,NULL),
  (959,'5',162,39,NULL),
  (961,'c',48,109,NULL),
  (963,'4',112,123,NULL),
  (965,'3',81,101,NULL),
  (967,'4',41,85,NULL),
  (969,'c',138,127,NULL),
  (971,'3',22,75,NULL),
  (973,'c',226,127,NULL),
  (975,'c',140,41,NULL),
  (977,'4',20,139,NULL),
  (979,'c',22,63,NULL),
  (981,'5',50,29,NULL),
  (983,'c',28,89,NULL),
  (985,'c',138,5,NULL),
  (987,'5',108,123,NULL),
  (989,'5',49,139,NULL),
  (991,'c',242,41,NULL),
  (993,'c',58,63,NULL),
  (995,'c',230,109,NULL),
  (997,'3',118,73,NULL),
  (999,'5',112,1,NULL);

COMMIT;

#
# Data for the `personaencursopostgrado` table  (LIMIT 500,500)
#

INSERT INTO `personaencursopostgrado` (`id`, `nota`, `idpersona`, `idcurso`, `idpersonaencursopostgrado`) VALUES 
  (1001,'5',175,89,NULL),
  (1003,'4',95,131,NULL),
  (1005,'5',162,131,NULL),
  (1007,'c',14,89,NULL),
  (1009,'c',49,91,NULL),
  (1011,'c',192,29,NULL),
  (1013,'c',216,39,NULL),
  (1015,'5',188,65,NULL),
  (1017,'c',15,131,NULL),
  (1019,'c',48,85,NULL),
  (1021,'c',239,109,NULL),
  (1023,'5',19,125,NULL),
  (1025,'c',242,95,NULL),
  (1027,'c',22,85,NULL),
  (1029,'c',112,127,NULL),
  (1031,'c',236,41,NULL),
  (1033,'c',153,131,NULL),
  (1035,'c',44,51,NULL),
  (1037,'5',7,89,NULL),
  (1039,'c',183,107,NULL),
  (1041,'c',105,89,NULL),
  (1043,'4',153,113,NULL),
  (1045,'c',48,29,NULL),
  (1047,'5',49,9,NULL),
  (1049,'3',87,93,NULL),
  (1051,'c',179,59,NULL),
  (1053,'c',12,131,NULL),
  (1055,'4',87,61,NULL),
  (1057,'c',192,51,NULL),
  (1059,'4',15,113,NULL),
  (1061,'c',44,29,NULL),
  (1063,'4',156,65,NULL),
  (1065,'c',90,41,NULL),
  (1067,'c',33,137,NULL),
  (1069,'c',58,29,NULL),
  (1071,'5',20,19,NULL),
  (1073,'c',124,39,NULL),
  (1075,'4',65,65,NULL),
  (1077,'4',41,63,NULL),
  (1079,'4',140,123,NULL),
  (1081,'5',52,43,NULL),
  (1083,'3',113,51,NULL),
  (1085,'5',203,135,NULL),
  (1087,'c',163,41,NULL),
  (1089,'c',133,35,NULL),
  (1091,'5',113,29,NULL),
  (1093,'3',64,29,NULL),
  (1095,'c',65,85,NULL),
  (1097,'c',137,85,NULL),
  (1099,'5',7,39,NULL),
  (1101,'c',138,41,NULL),
  (1103,'5',41,71,NULL),
  (1105,'c',12,107,NULL),
  (1107,'c',120,107,NULL),
  (1109,'4',47,113,NULL),
  (1111,'5',87,142,NULL),
  (1113,'5',120,45,NULL),
  (1115,'c',108,5,NULL),
  (1117,'4',45,51,NULL),
  (1119,'c',146,29,NULL),
  (1121,'c',73,131,NULL),
  (1123,'c',26,131,NULL),
  (1125,'c',84,89,NULL),
  (1127,'c',14,113,NULL),
  (1129,'5',41,51,NULL),
  (1131,'c',98,5,NULL),
  (1133,'c',186,91,NULL),
  (1135,'5',1,65,NULL),
  (1137,'c',108,41,NULL),
  (1139,'c',205,131,NULL),
  (1141,'c',140,35,NULL),
  (1143,'c',123,89,NULL),
  (1145,'c',163,35,NULL),
  (1147,'c',33,57,NULL),
  (1149,'c',19,131,NULL),
  (1151,'5',110,63,NULL),
  (1153,'4',118,131,NULL),
  (1155,'c',57,131,NULL),
  (1157,'c',31,41,NULL),
  (1159,'c',50,109,NULL),
  (1161,'c',32,91,NULL),
  (1163,'5',35,129,NULL),
  (1165,'c',49,41,NULL),
  (1167,'c',33,113,NULL),
  (1169,'3',164,1,NULL),
  (1171,'c',52,131,NULL),
  (1173,'3',133,1,NULL),
  (1175,'c',44,85,NULL),
  (1177,'c',26,39,NULL),
  (1179,'c',90,5,NULL),
  (1181,'c',19,57,NULL),
  (1183,'5',207,39,NULL),
  (1185,'c',157,41,NULL),
  (1187,'5',197,9,NULL),
  (1189,'4',95,113,NULL),
  (1191,'c',24,91,NULL),
  (1193,'c',78,73,NULL),
  (1195,'c',105,45,NULL),
  (1197,'5',40,65,NULL),
  (1199,'c',83,41,NULL),
  (1201,'c',213,131,NULL),
  (1203,'c',45,65,NULL),
  (1205,'5',22,33,NULL),
  (1207,'c',108,35,NULL),
  (1209,'c',113,109,NULL),
  (1211,'c',112,5,NULL),
  (1213,'5',49,19,NULL),
  (1215,'c',50,71,NULL),
  (1217,'c',22,29,NULL),
  (1219,'c',164,127,NULL),
  (1221,'c',24,41,NULL),
  (1223,'4',79,31,NULL),
  (1225,'c',17,39,NULL),
  (1227,'5',79,65,NULL),
  (1229,'c',27,31,NULL),
  (1231,'4',186,1,NULL),
  (1233,'5',30,95,NULL),
  (1235,'c',112,35,NULL),
  (1237,'4',110,29,NULL),
  (1239,'c',138,35,NULL),
  (1241,'c',104,71,NULL),
  (1243,'c',206,137,NULL),
  (1245,'5',239,71,NULL),
  (1247,'c',242,91,NULL),
  (1249,'c',48,59,NULL),
  (1251,'5',220,63,NULL),
  (1253,'4',237,129,NULL),
  (1255,'c',15,45,NULL),
  (1257,'5',99,19,NULL),
  (1259,'5',90,19,NULL),
  (1261,'5',7,73,NULL),
  (1263,'c',197,91,NULL),
  (1265,'c',52,39,NULL),
  (1267,'5',57,43,NULL),
  (1269,'5',64,63,NULL),
  (1271,'3',8,73,NULL),
  (1273,'c',104,63,NULL),
  (1275,'c',162,73,NULL),
  (1277,'c',17,89,NULL),
  (1279,'3',87,136,NULL),
  (1281,'5',31,95,NULL),
  (1283,'c',123,39,NULL),
  (1285,'5',24,129,NULL),
  (1287,'c',65,109,NULL),
  (1289,'5',81,121,NULL),
  (1291,'5',83,69,NULL),
  (1293,'c',65,29,NULL),
  (1295,'c',98,91,NULL),
  (1297,'c',220,109,NULL),
  (1299,'c',197,35,NULL),
  (1301,'c',41,109,NULL),
  (1303,'c',220,71,NULL),
  (1305,'4',98,19,NULL),
  (1307,'5',64,55,NULL),
  (1309,'5',87,79,NULL),
  (1311,'4',175,113,NULL),
  (1313,'c',157,91,NULL),
  (1315,'4',239,63,NULL),
  (1317,'c',179,109,NULL),
  (1319,'3',187,1,NULL),
  (1321,'c',240,41,NULL),
  (1323,'c',14,73,NULL),
  (1325,'5',105,39,NULL),
  (1327,'c',19,39,NULL),
  (1329,'5',197,19,NULL),
  (1331,'c',133,127,NULL),
  (1333,'3',110,51,NULL),
  (1335,'c',46,35,NULL),
  (1337,'4',207,73,NULL),
  (1339,'5',108,27,NULL),
  (1341,'3',95,89,NULL),
  (1343,'5',153,39,NULL),
  (1345,'c',20,91,NULL),
  (1347,'c',12,113,NULL),
  (1349,'4',120,113,NULL),
  (1351,'c',73,39,NULL),
  (1353,'5',49,129,NULL),
  (1355,'c',78,131,NULL),
  (1357,'c',163,127,NULL),
  (1359,'c',133,5,NULL),
  (1361,'5',124,119,NULL),
  (1363,'4',118,113,NULL),
  (1365,'5',159,9,NULL),
  (1367,'c',137,63,NULL),
  (1369,'c',164,35,NULL),
  (1371,'5',228,39,NULL),
  (1373,'c',123,131,NULL),
  (1375,'5',64,77,NULL),
  (1377,'c',226,9,NULL);

COMMIT;

#
# Data for the `premio` table  (LIMIT 0,500)
#

INSERT INTO `premio` (`id`, `titulo`, `institucion`, `tipo`, `ano`, `pais`, `uniquekey`) VALUES 
  (1,'generalización de softwares para la asistencia del trabajo operativo y pericial de la criminalística (cujae)','cujae','centro',2014,'cuba','pina2014gds'),
  (2,'primer premio a mejor paper de tipo metodológico','congreso español sobre metaheurísticas, algoritmos evolutivos y bioinspirados (maeb 2013)','internacional',2013,'españa','martín2013ppa'),
  (3,'distición especial del ministro en investigación (área de ciencias técnicas)','mes','nacional',2016,'cuba','garcia2016ded'),
  (4,'herramienta para la creación, edición y visualización de escenas panorámicas integrada al sistema de investigación pericial','dts-minint','provincial',2015,'cuba','pina2015hpl'),
  (5,'desarrollo y aplicación de técnicas de inteligencia computacional','academia de ciencias de cuba','nacional',2015,'cuba','ceruto2015dya'),
  (6,'resultados de la aplicación de la realidad virtual a la criminalística','datys - minint','nacional',2012,'cuba','pina2012rdl'),
  (7,'módulo para la simulación virtual de accidentes de tránsito','dts - minint','nacional',2013,'cuba','pina2013mpl'),
  (8,'peña tecnológica 2012','uci','nacional',2012,'cuba','henry2012pt2'),
  (9,'destacado en concurso nacional de computación del mes: desarrollo de aplicación para enviar mms de forma segura en android','mes','nacional',2015,'cuba','garcia2015dec'),
  (10,'soluciones tecnológicas  para la protección de la información en las empresas cubanas','instituto superior politécnico josé antonio echeverría','centro',2014,'cuba','diaz2014stp'),
  (11,'relevante. viii taller científico \"peña tecnológica\"','dts-minint','provincial',2015,'cuba','simon2015rvt'),
  (12,'aplicación para la representacion de la situación naval en las costas cubanas','ministerio de educación superior','nacional',2013,'cuba','barzaga2013apl'),
  (13,'funcionalidades de gestión de mediciones espaciales y puntos de interés para la versión 2.0 del marco de trabajo de realidad virtual','dts-minint','provincial',2015,'cuba','pina2015fdg'),
  (14,'aplicación de sistemas de realidad virtual en la investigación de hechos delictivos','cujae','centro',2013,'cuba','pina2013ads'),
  (15,'relevante en concurso nacional de computación del mes: paralelización de los algoritmos retinex multi-escala y non local means para el procesamiento digital de imágenes utilizando gpgpu','mes','nacional',2015,'cuba','corzo2015rec'),
  (16,'mención. cnc 2013. \"método para la generación automática de mapas conceptuales a partir de textos en español e inglés\"','mes','nacional',2014,'cuba','simon2014mc2'),
  (17,'propuesta de entorno para la gestión de requisitos aplicados al proceso de desarrollo de software del citi','mes ( fnect )','nacional',2011,'cuba','gómez2011pde'),
  (18,'componente para la construcción automática de mapas conceptuales información textual no estructurada','dts-minint','provincial',2014,'cuba','simon2014cpl'),
  (19,'\"integración tecnológica en la asistencia del enfrentamiento al delito\"','citma','provincial',2011,'cuba','pina2011\"te'),
  (20,'gestión visual, informativa y de comportamiento en el simulador físico escena 1.0','mes','nacional',2014,'cuba','pina2014gvi'),
  (21,'premio relevante en forum municipal recomendaciones para la redacción y defensa del trabajo de diploma','cujae','municipal',2015,'cuba','becerra2015pre'),
  (22,'biblioteca de heurísticas de construcción para problemas de planificación de rutas de vehículos','ministerio del interior y dirección de tecnologías y sistemas','nacional',2016,'cuba','torres2016bdh'),
  (23,'versión 2.0 del marco de trabajo de realidad virtual aplicado a la creación y edición de visitas virtuales','dts-minint','provincial',2015,'cuba','pina2015v2d'),
  (24,'un subsistema para el borrado seguro de archivos nativos del sistema operativo windows','ismi','nacional',2014,'cuba','diaz2014usp'),
  (25,'premio relevante en el fórum provincial de ciencia y técnica 2011','comisión provincial fórum de ciencia y técnica la habana','provincial',2011,'cuba','pagés2011pre'),
  (26,'arquitectura para la protección automatizada de software','xx concurso nacional de computación','nacional',2010,'cuba','diaz2010apl'),
  (27,'ahorro en la transportación de los equipos en las series nacionales de béisbol empleando metaheurísticas...','xvi forum nacional de ciencia y técnica, provincial','provincial',2013,'cuba','rosete2013ael'),
  (28,'aplicación de sistemas de realidad virtual en la investigación de hechos delictivos (fct provincial)','fct habana','provincial',2013,'cuba','pina2013ads'),
  (29,'mejor resultado científico y tecnológico 2013: plataforma de computación paralela cpu/gpu','minint','nacional',2014,'cuba','fulgueira2014mrc'),
  (30,'destacado. xxvii jornada científica estudiantil nacional  \"componente de análisis sintáctico de texto\"','ismi eliseo reyes rodríguez \"capitán san luis\"','nacional',2014,'cuba','simon2014dxj'),
  (31,'mención. cnc 2014 \"componente para el análisis sintáctico de texto en español e inglés\"','mes','nacional',2015,'cuba','simon2015mc2'),
  (32,'herramienta para la estimación de distancias a partir de avatargrafías detalladas','mes','nacional',2012,'cuba','pina2012hpl'),
  (33,'generalización del proyecto informatización de la criminalística cubana','cujae','centro',2012,'cuba','pina2012gdp'),
  (34,'sello forjadores del futuro de las btj inf 1','btj','nacional',2016,'cuba','moreno2016sfd'),
  (35,'talento de oro \"dos estrellas\"','anir','provincial',2012,'cuba','pina2012tdo'),
  (36,'extensión del servidor de mapas geoserver para brindar servicios basados en la localización en su forma estandarizada openls','dts-minint','provincial',2016,'cuba','sánchez2016eds'),
  (37,'utilización de la simulación física virtual para esclarecer delitos de caída libre','dts - minint','nacional',2013,'cuba','pina2013udl'),
  (38,'premio relevante - laboratorio virtual para la informática educativa','xvi fórum de ciencia y técnica la habana','municipal',2013,'cuba','garay2013pr-'),
  (39,'generalización de aplicaciones informáticas para la asistencia del trabajo operativo y pericial de la criminalista','xvi convención y feria internacional informática 2016','internacional',2016,'cuba','pina2016gda'),
  (40,'aplicación para la geocodificación por lotes de direcciones postales en cuba','ministerio de educación superior','nacional',2015,'cuba','sánchez2015apl'),
  (41,'premio joven  investigador en la categoría de computación e informática','ministerio de ciencia tecnología y medio ambiente (citma)','nacional',2016,'cuba','martín2016pji'),
  (42,'herramienta para la creación, edición y visualización de avatars panorámicas interactivas','forum nacional de estudiantes - mes','nacional',2013,'cuba','pina2013hpl'),
  (43,'implementación de una herramienta para la protección de las conexiones de red','xx concurso nacional de computación','nacional',2010,'cuba','diaz2010idu'),
  (44,'implantación de oracle irm en entornos empresariales','ismi','nacional',2014,'cuba','nuñez2014ido'),
  (45,'sistema para la elaboración de retratos hablados','concurso nacional de computación','nacional',2014,'cuba','torres2014spl'),
  (46,'ahorro en la transportación de los equipos en las series nacionales de béisbol empleando metaheurísticas','xvi forum nacional de ciencia y técnica, cujae','centro',2013,'cuba','rosete2013ael'),
  (47,'propuesta de metodología se selección tecnológica para el desarrollo de entornos virtuales 3d para dispositivos móviles','dts-minint','nacional',2014,'cuba','pina2014pdm'),
  (48,'componente de aprendizaje para agentes premio relevante','ismi eliseo reyes diego \"capitán san luis\"','provincial',2014,'cuba','cepero2014cda'),
  (49,'mención en concurso nacional de computación del mes: extracción de pasajes desde mapas conceptuales','mes','nacional',2015,'cuba','simon2015edp'),
  (50,'ahorro en la transportación de los equipos en las series nacionales de béisbol empleando metaheurísticas .','xvi forum nacional de ciencia y técnica, marianao','municipal',2013,'cuba','rosete2013ael'),
  (51,'relevante forum base. \"recomendaciones para la redacción y presentacion del trabajo de diploma\"','cujae','centro',2015,'cuba','becerra2015rfb'),
  (52,'cadete destacado minint 2011','minint','nacional',2012,'cuba','pina2012cdm'),
  (53,'mejor resultado científico y tecnológico 2012. ?especialidad de postgrado en ingeniería en aplicaciones criptográficas?.','ministerio del interior','nacional',2013,'cuba','sepulveda2013mrc'),
  (54,'diseño paralelo del algoritmo para el descubrimiento del modelo organizacional','ix taller científico nacional de jóvenes de la especialidad de tecnologías y sistemas. universidad de las ciencias informáticas','nacional',2016,'cuba','diaz2016dpd'),
  (55,'empleo de controladores de dispositivos para la seguridad de hardware en entornos restringidos','universidad de las ciencias informáticas','provincial',2014,'cuba','diaz2014edc'),
  (56,'teamsoft: sistema para la gestión del trabajo en equipo en el desarrollo de proyectos de software','forum nacional de las btj','nacional',2009,'cuba','infante2009tsp'),
  (57,'premio relevante en el concurso nacional de computación 2015: mecanismos de protección basados en el proceso de compilación para la protección automatizada de software','mes','nacional',2016,'cuba','diaz2015mdp'),
  (58,'concurso nacional de estudiantes de la  educación superior 2010','mes','nacional',2010,'cuba','carralero2010cnd'),
  (59,'relevante. vii taller científico provincial \"peña tecnológica\". \"componente de análisis sintáctico de textos\"','dts-minint','provincial',2014,'cuba','simon2014rvt'),
  (60,'propuesta inicial de marco de trabajo extensible y reutilizable con funcionalidades gráficas de realidad virtual','mes','nacional',2015,'cuba','pina2015pid'),
  (61,'mecanismo de protección basado en la ofuscación del grafo de control de flujo','xxviii jce (ismi eliseo reyes rodríguez \"capitán san luis\")','nacional',2016,'cuba','nuñez2016mdp'),
  (62,'mención en concurso nacional de computación del mes: componente para el análisis sintáctico de texto en español e inglés','mes','nacional',2015,'cuba','simon2015cpe'),
  (63,'capa de servicio para solucionar problemas de pllanificacion de rutas de vehiculos','ministerio del interior y dirección de tecnologías y sistemas','nacional',2016,'cuba','torres2016cds'),
  (64,'aplicación de sistemas de realidad virtual en la investigación de hechos delictivos (fct municipal)','fct marianao','municipal',2013,'cuba','pina2013ads'),
  (65,'medios de enseñanza utilizados en apoyo a la apropiación de los contenidos de la asignatura ¨minería de datos-knime¨','premio relevante - xvi forum de base de ciencia y técnica de trabajadores y estudiantes de la cujae','centro',2014,'cuba','wilford2014mde'),
  (66,'integración tecnológica en la asistencia del enfrentamiento al delito','citma','provincial',2011,'cuba','pina2011ite'),
  (67,'premio al grupo científico-estudiantil más destacado en el trabajo científico-técnico (2015)','cujae','centro',2015,'cuba','pina2015pag'),
  (68,'aplicación complemento de microsoft visual studio para la protección de código fuente','universidad de las ciencias informáticas','provincial',2014,'cuba','nuñez2014acd'),
  (69,'sistema multiplataforma de modelación y diseño de escenarios 3d para  entornos de trabajo con modelos compartidos','dts-minint','nacional',2014,'cuba','pina2014smd'),
  (70,'componentes para la investigación pericial','citi-cujae','centro',2015,'cuba','pina2015cpl'),
  (71,'metodología para la selección tecnológica de herramientas para la creación de sistemas de rv de escritorios basados en ev3d','dts-minint','nacional',2014,'cuba','pina2014mpl'),
  (72,'nuevos métodos y aplicaciones de técnicas de inteligencia computacional','ministerio de educación superior (mes)','nacional',2016,'cuba','garcia2016nmy'),
  (73,'herramienta para la visualización y edición de datos espaciales almacenados en bases de datos oracle','ministerio de educación superior','nacional',2013,'cuba','sánchez2013hpl'),
  (74,'relevante en concurso nacional de computación del mes: framework para resolver problemas de optimización: biciam','mes','nacional',2015,'cuba','diaz2015rec'),
  (75,'subsistema para el borrado seguro de archivos nativos del sistema operativo windows','universidad de las ciencias informáticas','provincial',2014,'cuba','diaz2014spe'),
  (76,'mención. cnc 2014 \"extracción de pasajes desde mapas conceptuales\"','mes','nacional',2015,'cuba','simon2015mc2'),
  (77,'aplicación complemento para microsoft visual studio para la protección de código fuente','ismi','nacional',2014,'cuba','nuñez2014acp'),
  (78,'destacada forum base. \"sistema de gestión para el soporte a la formación doctoral en la cujae\"','cujae','centro',2015,'cuba','barzaga2015dfb'),
  (79,'controladores de dispositivos para la seguridad de hardware en entornos restringidos','ismi','nacional',2014,'cuba','nuñez2014cdd'),
  (80,'distinción especial: \"paralelización del algoritmo criptográfico gost empleando cuda\".','mes','nacional',2014,'cuba','fulgueira2014de\"'),
  (81,'un enfoque multi- objetivo para el problema de ruteo de camiones y remolques con restricciones difusas','brigadas técnicas juveniles','centro',2016,'cuba','torres2016uem'),
  (82,'implantación de oracle informations rights management en entornos empresariales','universidad de las ciencias informáticas','provincial',2014,'cuba','nuñez2014ido'),
  (83,'mecansimos de protección basados en el proceso de compilación para la protección automatizada de software','concurso nacional de computación (mes)','nacional',2015,'cuba','nuñez2015mdp'),
  (84,'sello forjadores del futuro de las btj 1','ujc nacional','nacional',2012,'cuba','simon2012sfd'),
  (85,'la computación paralela en algoritmos complejos','universidad de las ciencias informáticas','provincial',2014,'cuba','nuñez2014lcp'),
  (86,'primer lugar bme. \"recomendaciones para la redacción y presentacion del trabajo de diploma\"','instituto superior politécnico josé antonio echeverría','centro',2015,'cuba','becerra2015plb'),
  (87,'premio relevante en el concurso nacional de computación 2015: diseño e implementación del centro neuronal córtico-diencefálico en hardware reconfigurable (fpga)','mes','nacional',2016,'cuba','sepulveda2016pre'),
  (88,'sistema de métricas para evaluar la calidad de los productos de software.','minint - uci','nacional',2014,'cuba','verona2014sdm'),
  (89,'plataforma de computación paralela cpu/gpu y sus aplicaciones','datys','nacional',2012,'cuba','socorro2012pdc'),
  (90,'relevante. xxvii jornada científica estudiantil nacional \"método para la generación automática de mapas conceptuales a partir de textos en español e inglés\"','ismi eliseo reyes rodríguez ?capitán san luis?','nacional',2014,'cuba','simon2014rxj'),
  (91,'2016 emerald literati network awards for excellence','emerald group publishing limited, registered office: howard house, wagon lane, bingley, bd16 1wa united kingdom. registered in england no. 3080506, vat no. gb 665 3593 06','internacional',2016,'reino unido','lopez20162el');

COMMIT;

#
# Data for the `profesordeedicion` table  (LIMIT 0,500)
#

INSERT INTO `profesordeedicion` (`id`, `idedicion`, `idprofesor`, `relacion`, `location`) VALUES 
  (1,1,140,3,0),
  (2,1,43,0,0),
  (3,2,43,0,0),
  (4,1,3,0,0),
  (5,2,151,1,0),
  (6,2,184,0,0),
  (7,3,169,3,0),
  (8,1,178,1,0),
  (9,3,23,1,0),
  (10,2,82,1,2),
  (11,2,130,1,0),
  (12,2,103,1,0),
  (13,3,204,1,0),
  (14,3,152,0,0),
  (15,1,132,1,0),
  (16,1,154,0,0),
  (17,3,145,3,0),
  (18,2,233,2,0),
  (19,1,201,0,0),
  (20,2,178,0,0),
  (21,3,165,0,0),
  (22,3,43,0,0),
  (23,1,152,0,0),
  (24,2,212,1,2),
  (25,3,160,3,0),
  (26,1,221,0,0),
  (27,2,215,1,2),
  (28,3,3,0,0),
  (29,2,23,1,0),
  (30,NULL,198,1,NULL),
  (31,3,39,1,0),
  (32,2,167,0,0),
  (33,3,54,2,0),
  (34,1,184,0,0),
  (35,NULL,57,1,NULL),
  (36,2,158,3,2),
  (37,2,154,0,0),
  (38,2,201,0,0),
  (39,1,54,1,0),
  (40,2,114,1,1),
  (41,NULL,192,1,NULL),
  (42,2,3,0,0),
  (43,1,233,2,0),
  (44,NULL,75,3,2),
  (45,NULL,132,0,NULL),
  (46,1,29,3,2),
  (47,3,178,1,0),
  (48,1,229,0,0),
  (49,2,107,3,2),
  (50,NULL,209,1,NULL),
  (51,2,111,1,0),
  (52,1,23,1,0),
  (53,1,109,0,0),
  (54,2,221,0,0),
  (55,NULL,225,0,NULL),
  (56,2,121,1,0),
  (57,1,5,0,0),
  (58,3,154,2,0),
  (59,3,229,0,0),
  (60,3,149,3,0),
  (61,3,167,0,0),
  (62,3,184,0,0),
  (63,3,221,1,0),
  (64,2,225,3,2),
  (65,1,225,1,0),
  (66,1,39,0,0),
  (67,2,234,3,0),
  (68,3,74,2,0),
  (69,2,74,1,0),
  (70,2,165,0,0),
  (71,1,167,0,0),
  (72,3,201,1,0),
  (73,NULL,136,1,NULL),
  (74,NULL,165,1,NULL),
  (75,2,5,0,0),
  (76,2,54,3,0),
  (77,1,204,1,0),
  (78,2,191,2,0),
  (79,1,165,0,0),
  (80,1,172,3,0),
  (81,1,74,1,0),
  (82,NULL,39,1,NULL),
  (83,NULL,191,0,NULL),
  (84,1,191,2,0),
  (85,2,204,1,0),
  (86,2,39,0,0),
  (87,2,229,0,0),
  (88,2,152,0,0),
  (89,3,5,0,0);

COMMIT;

#
# Data for the `relpersonaarticulo` table  (LIMIT 0,500)
#

INSERT INTO `relpersonaarticulo` (`id`, `idarticulo`, `idautor`) VALUES 
  (1,1,165),
  (3,103,167),
  (5,103,233),
  (7,103,3),
  (9,105,15),
  (11,105,167),
  (13,105,229),
  (15,109,165),
  (17,109,186),
  (19,11,5),
  (21,111,201),
  (23,113,29),
  (25,115,29),
  (27,117,54),
  (29,117,57),
  (31,117,91),
  (33,121,191),
  (35,121,3),
  (37,123,5),
  (39,125,167),
  (41,125,172),
  (43,127,154),
  (45,127,174),
  (47,127,184),
  (49,129,169),
  (51,129,184),
  (53,13,109),
  (55,133,165),
  (57,135,1),
  (59,135,184),
  (61,139,113),
  (63,139,191),
  (65,139,233),
  (67,139,3),
  (69,141,233),
  (71,145,123),
  (73,145,167),
  (75,145,172),
  (77,147,201),
  (79,147,45),
  (81,147,54),
  (83,15,213),
  (85,15,233),
  (87,151,167),
  (89,151,172),
  (91,153,140),
  (93,153,167),
  (95,155,54),
  (97,155,57),
  (99,157,192),
  (101,159,73),
  (103,161,229),
  (105,163,229),
  (107,165,29),
  (109,167,109),
  (111,17,201),
  (113,171,109),
  (115,173,109),
  (117,175,167),
  (119,175,229),
  (121,175,24),
  (123,175,45),
  (125,175,54),
  (127,179,29),
  (129,181,167),
  (131,181,30),
  (133,183,174),
  (135,183,229),
  (137,185,165),
  (139,187,167),
  (141,187,183),
  (143,187,184),
  (145,187,31),
  (147,19,29),
  (149,193,118),
  (151,193,128),
  (153,193,137),
  (155,193,43),
  (157,193,8),
  (159,197,167),
  (161,199,109),
  (163,201,167),
  (165,201,184),
  (167,201,31),
  (169,201,81),
  (171,203,23),
  (173,203,244),
  (175,203,5),
  (177,205,213),
  (179,205,233),
  (181,207,157),
  (183,207,167),
  (185,21,123),
  (187,21,167),
  (189,21,172),
  (191,213,169),
  (193,213,184),
  (195,217,137),
  (197,219,109),
  (199,221,157),
  (201,223,124),
  (203,223,184),
  (205,225,123),
  (207,225,167),
  (209,225,172),
  (211,227,43),
  (213,227,69),
  (215,229,112),
  (217,229,154),
  (219,229,167),
  (221,229,30),
  (223,23,165),
  (225,231,24),
  (227,231,54),
  (229,233,140),
  (231,233,167),
  (233,237,109),
  (235,239,157),
  (237,239,167),
  (239,239,233),
  (241,239,3),
  (243,241,29),
  (245,243,109),
  (247,245,133),
  (249,245,229),
  (251,245,239),
  (253,247,123),
  (255,247,167),
  (257,247,172),
  (259,249,39),
  (261,249,42),
  (263,25,52),
  (265,25,73),
  (267,251,112),
  (269,251,154),
  (271,251,167),
  (273,251,30),
  (275,253,191),
  (277,253,233),
  (279,253,3),
  (281,255,169),
  (283,255,184),
  (285,257,117),
  (287,257,161),
  (289,257,233),
  (291,257,55),
  (293,261,154),
  (295,261,193),
  (297,261,39),
  (299,261,80),
  (301,263,167),
  (303,265,157),
  (305,265,166),
  (307,265,167),
  (309,265,183),
  (311,265,184),
  (313,265,31),
  (315,267,60),
  (317,269,5),
  (319,27,201),
  (321,271,167),
  (323,273,167),
  (325,273,30),
  (327,275,74),
  (329,279,39),
  (331,281,167),
  (333,285,109),
  (335,287,178),
  (337,287,201),
  (339,29,29),
  (341,291,141),
  (343,291,167),
  (345,291,208),
  (347,291,241),
  (349,295,167),
  (351,295,54),
  (353,299,152),
  (355,3,167),
  (357,3,178),
  (359,3,191),
  (361,3,3),
  (363,301,167),
  (365,301,229),
  (367,301,45),
  (369,301,54),
  (371,307,140),
  (373,307,167),
  (375,309,178),
  (377,31,109),
  (379,311,11),
  (381,311,243),
  (383,313,201),
  (385,313,45),
  (387,313,98),
  (389,315,233),
  (391,317,154),
  (393,317,193),
  (395,317,39),
  (397,317,80),
  (399,319,124),
  (401,319,184),
  (403,319,26),
  (405,323,23),
  (407,323,244),
  (409,323,5),
  (411,327,39),
  (413,329,54),
  (415,329,57),
  (417,33,123),
  (419,33,167),
  (421,33,172),
  (423,337,29),
  (425,339,244),
  (427,341,43),
  (429,341,69),
  (431,345,165),
  (433,345,62),
  (435,345,89),
  (437,347,29),
  (439,349,39),
  (441,349,42),
  (443,35,112),
  (445,35,140),
  (447,35,154),
  (449,35,167),
  (451,35,30),
  (453,351,167),
  (455,353,23),
  (457,353,244),
  (459,353,5),
  (461,355,154),
  (463,355,193),
  (465,355,39),
  (467,355,80),
  (469,357,31),
  (471,359,109),
  (473,361,174),
  (475,361,184),
  (477,375,112),
  (479,375,167),
  (481,377,109),
  (483,379,229),
  (485,383,229),
  (487,383,24),
  (489,383,54),
  (491,385,52),
  (493,385,73),
  (495,387,167),
  (497,387,183),
  (499,387,184),
  (501,387,31),
  (503,39,167),
  (505,39,172),
  (507,39,199),
  (509,391,43),
  (511,391,72),
  (513,393,133),
  (515,393,229),
  (517,395,167),
  (519,395,30),
  (521,397,120),
  (523,397,152),
  (525,397,210),
  (527,401,13),
  (529,401,199),
  (531,401,46),
  (533,407,163),
  (535,407,46),
  (537,409,39),
  (539,41,74),
  (541,411,167),
  (543,411,229),
  (545,411,45),
  (547,411,54),
  (549,413,3),
  (551,415,229),
  (553,415,48),
  (555,423,117),
  (557,423,161),
  (559,423,191),
  (561,423,233),
  (563,423,55),
  (565,425,167),
  (567,425,19),
  (569,425,233),
  (571,427,172),
  (573,427,30),
  (575,427,78),
  (577,43,167),
  (579,43,30),
  (581,433,167),
  (583,433,54),
  (585,435,167),
  (587,435,172),
  (589,435,199),
  (591,437,109),
  (593,439,109),
  (595,441,167),
  (597,441,24),
  (599,441,45),
  (601,441,54),
  (603,443,163),
  (605,443,167),
  (607,443,60),
  (609,449,103),
  (611,45,109),
  (613,49,229),
  (615,49,48),
  (617,5,140),
  (619,500,167),
  (621,500,229),
  (623,501,165),
  (625,501,62),
  (627,502,192),
  (629,51,152),
  (631,53,109),
  (633,534,140),
  (635,534,167),
  (637,55,157),
  (639,55,229),
  (641,567,192),
  (643,57,54),
  (645,57,97),
  (647,59,109),
  (649,61,152),
  (651,63,54),
  (653,63,57),
  (655,67,165),
  (657,675,157),
  (659,675,167),
  (661,675,198),
  (663,677,112),
  (665,678,163),
  (667,678,167),
  (669,679,163),
  (671,69,152),
  (673,69,23),
  (675,69,5),
  (677,7,167),
  (679,7,54),
  (681,700,167),
  (683,700,178),
  (685,700,3),
  (687,71,157),
  (689,71,167),
  (691,75,43),
  (693,75,69),
  (695,765,84),
  (697,77,29),
  (699,789,191),
  (701,789,233),
  (703,789,3),
  (705,79,165),
  (707,79,186),
  (709,79,62),
  (711,81,123),
  (713,81,167),
  (715,81,172),
  (717,85,109),
  (719,879,126),
  (721,879,168),
  (723,879,5),
  (725,879,68),
  (727,89,140),
  (729,89,167),
  (731,890,157),
  (733,898,178),
  (735,898,240),
  (737,9,157),
  (739,9,167),
  (741,901,167),
  (743,901,184),
  (745,901,31),
  (747,902,167),
  (749,902,30),
  (751,903,167),
  (753,903,184),
  (755,903,31),
  (757,904,184),
  (759,905,3),
  (761,906,46),
  (763,906,74),
  (765,907,157),
  (767,907,167),
  (769,908,39),
  (771,909,140),
  (773,909,167),
  (775,91,152),
  (777,910,229),
  (779,911,167),
  (781,911,54),
  (783,912,163),
  (785,912,46),
  (787,913,120),
  (789,913,124),
  (791,913,184),
  (793,913,210),
  (795,914,46),
  (797,915,102),
  (799,915,163),
  (801,915,167),
  (803,915,180),
  (805,916,184),
  (807,917,163),
  (809,918,109),
  (811,919,191),
  (813,919,233),
  (815,919,3),
  (817,920,207),
  (819,920,239),
  (821,921,129),
  (823,921,170),
  (825,921,195),
  (827,921,219),
  (829,921,221),
  (831,921,232),
  (833,922,112),
  (835,922,167),
  (837,923,85),
  (839,924,171),
  (841,924,6),
  (843,925,192),
  (845,926,140),
  (847,926,167),
  (849,927,140),
  (851,927,167),
  (853,928,167),
  (855,928,234),
  (857,93,29),
  (859,930,167),
  (861,930,30),
  (863,931,178),
  (865,931,240),
  (867,932,43),
  (869,933,5),
  (871,934,165),
  (873,935,167),
  (875,936,74),
  (877,95,109),
  (879,97,157),
  (881,97,167),
  (883,97,233),
  (885,97,3),
  (887,980,89),
  (889,987,46),
  (891,987,74),
  (893,99,109),
  (895,990,167),
  (897,990,172),
  (899,990,199);

COMMIT;

#
# Data for the `relpersonaevento` table  (LIMIT 0,500)
#

INSERT INTO `relpersonaevento` (`id`, `idpersona`, `idevento`) VALUES 
  (1,5,603),
  (3,81,239),
  (5,62,75),
  (7,31,643),
  (9,229,529),
  (11,57,295),
  (13,60,17),
  (15,80,399),
  (17,81,503),
  (19,69,671),
  (21,229,23),
  (23,3,649),
  (25,112,673),
  (27,167,377),
  (29,60,491),
  (31,233,634),
  (33,43,616),
  (35,49,629),
  (37,244,245),
  (39,167,289),
  (41,219,29),
  (43,81,563),
  (45,167,487),
  (47,239,313),
  (49,80,71),
  (51,124,325),
  (53,204,525),
  (55,204,263),
  (57,167,361),
  (59,120,79),
  (61,167,439),
  (63,39,543),
  (65,123,283),
  (67,54,565),
  (69,188,618),
  (71,191,297),
  (73,192,123),
  (75,229,650),
  (77,204,684),
  (79,210,411),
  (81,43,629),
  (83,204,682),
  (85,204,287),
  (87,201,321),
  (89,163,487),
  (91,5,301),
  (93,140,481),
  (95,81,505),
  (97,54,507),
  (99,6,639),
  (101,233,645),
  (103,109,203),
  (105,167,107),
  (107,204,675),
  (109,204,678),
  (111,195,670),
  (113,204,677),
  (115,167,317),
  (117,23,680),
  (119,186,445),
  (121,3,683),
  (123,72,225),
  (125,157,341),
  (127,167,685),
  (129,204,285),
  (131,41,409),
  (133,74,229),
  (135,165,437),
  (137,89,175),
  (139,172,497),
  (141,167,11),
  (143,167,547),
  (145,157,263),
  (147,167,613),
  (149,191,634),
  (151,165,175),
  (153,78,541),
  (155,167,395),
  (157,204,641),
  (159,172,457),
  (161,23,603),
  (163,213,111),
  (165,31,563),
  (167,153,479),
  (169,189,367),
  (171,103,139),
  (173,192,7),
  (175,167,617),
  (177,140,265),
  (179,78,459),
  (181,169,465),
  (183,109,25),
  (185,200,27),
  (187,233,567),
  (189,229,686),
  (191,14,285),
  (193,154,607),
  (195,178,421),
  (197,124,39),
  (199,3,381),
  (201,74,527),
  (203,204,87),
  (205,69,620),
  (207,232,618),
  (209,165,9),
  (211,167,187),
  (213,229,636),
  (215,123,457),
  (217,101,19),
  (219,60,31),
  (221,184,465),
  (223,124,369),
  (225,5,680),
  (227,109,103),
  (229,54,47),
  (231,189,545),
  (233,239,648),
  (235,233,638),
  (237,140,635),
  (239,167,43),
  (241,135,227),
  (243,233,297),
  (245,191,477),
  (247,200,397),
  (249,199,439),
  (251,241,623),
  (253,23,415),
  (255,239,77),
  (257,74,223),
  (259,14,427),
  (261,152,79),
  (263,167,97),
  (265,60,533),
  (267,201,1),
  (269,74,105),
  (271,117,181),
  (273,178,513),
  (275,229,626),
  (277,165,255),
  (279,204,640),
  (281,193,71),
  (283,195,618),
  (285,154,632),
  (287,167,131),
  (289,140,347),
  (291,184,676),
  (293,54,63),
  (295,112,237),
  (297,192,553),
  (299,101,115),
  (301,204,555),
  (303,201,605),
  (305,221,29),
  (307,157,401),
  (309,159,631),
  (311,21,618),
  (313,69,173),
  (315,140,315),
  (317,140,604),
  (319,157,361),
  (321,204,611),
  (323,72,343),
  (325,167,473),
  (327,229,608),
  (329,5,13),
  (331,157,646),
  (333,184,505),
  (335,140,607),
  (337,167,355),
  (339,15,630),
  (341,140,43),
  (343,221,618),
  (345,167,49),
  (347,30,459),
  (349,204,431),
  (351,192,95),
  (353,167,191),
  (355,74,471),
  (357,157,555),
  (359,167,31),
  (361,3,622),
  (363,109,67),
  (365,81,465),
  (367,229,133),
  (369,204,633),
  (371,165,389),
  (373,109,261),
  (375,229,637),
  (377,126,517),
  (379,244,612),
  (381,172,417),
  (383,154,349),
  (385,244,627),
  (387,240,676),
  (389,74,249),
  (391,244,680),
  (393,92,519),
  (395,157,373),
  (397,183,403),
  (399,159,624),
  (401,167,237),
  (403,172,289),
  (405,233,41),
  (407,84,129),
  (409,46,129),
  (411,184,503),
  (413,123,439),
  (415,60,559),
  (417,167,47),
  (419,120,636),
  (421,154,625),
  (423,234,612),
  (425,124,411),
  (427,200,259),
  (429,165,445),
  (431,163,21),
  (433,74,631),
  (435,167,606),
  (437,84,111),
  (439,167,607),
  (441,207,179),
  (443,167,612),
  (445,122,259),
  (447,167,135),
  (449,204,631),
  (451,30,606),
  (453,184,563),
  (455,204,624),
  (457,157,305),
  (459,221,201),
  (461,23,679),
  (463,74,93),
  (465,14,227),
  (467,30,307),
  (469,184,643),
  (471,186,75),
  (473,74,111),
  (475,172,293),
  (477,3,686),
  (479,64,149),
  (481,229,273),
  (483,30,673),
  (485,191,15),
  (487,157,613),
  (489,191,41),
  (491,74,267),
  (493,39,419),
  (495,80,503),
  (497,201,479),
  (499,167,630),
  (501,178,451),
  (503,167,305),
  (505,233,649),
  (507,141,539),
  (509,167,604),
  (511,46,229),
  (513,43,485),
  (515,23,642),
  (517,167,339),
  (519,217,614),
  (521,181,681),
  (523,74,507),
  (525,157,131),
  (527,167,483),
  (529,234,321),
  (531,167,561),
  (533,233,477),
  (535,69,115),
  (537,184,325),
  (539,199,557),
  (541,46,21),
  (543,84,213),
  (545,140,509),
  (547,244,603),
  (549,239,273),
  (551,167,257),
  (553,89,493),
  (555,233,53),
  (557,5,642),
  (559,233,149),
  (561,68,301),
  (563,157,97),
  (565,154,635),
  (567,123,289),
  (569,120,650),
  (571,31,239),
  (573,123,541),
  (575,167,81),
  (577,84,463),
  (579,161,567),
  (581,234,17),
  (583,26,39),
  (585,92,199),
  (587,54,295),
  (589,234,605),
  (591,163,547),
  (593,183,373),
  (595,191,537),
  (597,14,215),
  (599,3,688),
  (601,217,343),
  (603,165,163),
  (605,172,561),
  (607,109,183),
  (609,229,277),
  (611,137,618),
  (613,109,581),
  (615,233,309),
  (617,23,615),
  (619,236,618),
  (621,204,602),
  (623,52,333),
  (625,31,505),
  (627,229,137),
  (629,143,25),
  (631,165,311),
  (633,204,621),
  (635,233,181),
  (637,178,469),
  (639,140,377),
  (641,167,635),
  (643,31,373),
  (645,30,121),
  (647,30,541),
  (649,165,433),
  (651,233,628),
  (653,163,209),
  (655,161,453),
  (657,54,317),
  (659,168,517),
  (661,232,670),
  (663,19,381),
  (665,140,483),
  (667,223,672),
  (669,154,509),
  (671,221,323),
  (673,122,397),
  (675,14,555),
  (677,46,105),
  (679,74,55),
  (681,125,353),
  (683,189,614),
  (685,1,618),
  (687,49,648),
  (689,172,459),
  (691,140,85),
  (693,80,618),
  (695,184,373),
  (697,80,573),
  (699,239,409),
  (701,167,475),
  (703,68,385),
  (705,174,349),
  (707,64,15),
  (709,39,375),
  (711,199,417),
  (713,204,551),
  (715,154,619),
  (717,193,543),
  (719,3,537),
  (721,191,233),
  (723,167,481),
  (725,167,57),
  (727,112,632),
  (729,123,187),
  (731,199,561),
  (733,173,115),
  (735,204,521),
  (737,214,545),
  (739,154,606),
  (741,112,541),
  (743,133,179),
  (745,89,311),
  (747,123,251),
  (749,85,67),
  (751,167,121),
  (753,30,251),
  (755,112,619),
  (757,5,517),
  (759,23,627),
  (761,167,457),
  (763,236,637),
  (765,49,409),
  (767,167,401),
  (769,106,115),
  (771,69,231),
  (773,167,673),
  (775,229,629),
  (777,233,207),
  (779,229,313),
  (781,129,618),
  (783,140,49),
  (785,117,73),
  (787,43,115),
  (789,72,485),
  (791,167,687),
  (793,222,639),
  (795,204,249),
  (797,167,557),
  (799,178,33),
  (801,109,127),
  (803,120,629),
  (805,123,497),
  (807,120,626),
  (809,55,453),
  (811,174,455),
  (813,68,185),
  (815,233,453),
  (817,172,57),
  (819,43,231),
  (821,192,157),
  (823,191,53),
  (825,120,411),
  (827,112,617),
  (829,147,612),
  (831,96,545),
  (833,172,187),
  (835,167,539),
  (837,133,273),
  (839,213,463),
  (841,229,179),
  (843,229,616),
  (845,204,495),
  (847,239,529),
  (849,219,618),
  (851,54,353),
  (853,167,509),
  (855,186,433),
  (857,68,517),
  (859,170,670),
  (861,167,211),
  (863,43,671),
  (865,213,213),
  (867,170,618),
  (869,204,571),
  (871,159,249),
  (873,167,646),
  (875,68,345),
  (877,46,55),
  (879,109,241),
  (881,43,367),
  (883,31,503),
  (885,153,605),
  (887,43,620),
  (889,167,649),
  (891,167,623),
  (893,48,133),
  (895,72,281),
  (897,201,333),
  (899,167,17),
  (901,112,489),
  (903,30,475),
  (905,74,195),
  (907,184,239),
  (909,154,541),
  (911,167,319),
  (913,192,151),
  (915,30,632),
  (917,3,685),
  (919,172,439),
  (921,204,227),
  (923,43,647),
  (925,15,17),
  (927,184,647),
  (929,167,63),
  (931,191,331),
  (933,141,623),
  (935,133,77),
  (937,74,235),
  (939,43,545),
  (941,157,11),
  (943,5,679),
  (945,154,673),
  (947,123,57),
  (949,63,533),
  (951,5,185),
  (953,43,281),
  (955,219,201),
  (957,30,617),
  (959,5,627),
  (961,208,539),
  (963,167,501),
  (965,167,632),
  (967,244,642),
  (969,62,163),
  (971,31,271),
  (973,163,31),
  (975,60,407),
  (977,71,381),
  (979,112,5),
  (981,184,349),
  (983,109,3),
  (985,167,109),
  (987,122,27),
  (989,60,35),
  (991,5,615),
  (993,165,61),
  (995,31,465),
  (997,229,77),
  (999,141,81);

COMMIT;

#
# Data for the `relpersonaevento` table  (LIMIT 500,500)
#

INSERT INTO `relpersonaevento` (`id`, `idpersona`, `idevento`) VALUES 
  (1001,210,79),
  (1003,123,393),
  (1005,204,427),
  (1007,74,463),
  (1009,241,539),
  (1011,204,609),
  (1013,167,625),
  (1015,193,618),
  (1017,233,15),
  (1019,172,501),
  (1021,43,614),
  (1023,167,497),
  (1025,147,681),
  (1027,193,399),
  (1029,153,321),
  (1031,167,515),
  (1033,23,13),
  (1035,92,618),
  (1037,157,191),
  (1039,60,209),
  (1041,239,636),
  (1043,3,331),
  (1045,184,39),
  (1047,46,612),
  (1049,204,425),
  (1051,219,323),
  (1053,181,672),
  (1055,229,630),
  (1057,204,215),
  (1059,167,315),
  (1061,154,617),
  (1063,241,81),
  (1065,135,495),
  (1067,62,311),
  (1069,163,361),
  (1071,163,11),
  (1073,117,453),
  (1075,184,207),
  (1077,183,271),
  (1079,43,173),
  (1081,240,647),
  (1083,240,207),
  (1085,31,403),
  (1087,193,573),
  (1089,140,339),
  (1091,244,13),
  (1093,181,643),
  (1095,140,467),
  (1097,195,601),
  (1099,167,129),
  (1101,89,405),
  (1103,62,445),
  (1105,167,293),
  (1107,110,618),
  (1109,43,676),
  (1111,184,271),
  (1113,3,233),
  (1115,207,313),
  (1117,42,375),
  (1119,167,265),
  (1121,43,608),
  (1123,172,541),
  (1125,140,109),
  (1127,199,293),
  (1129,5,385),
  (1131,3,415),
  (1133,231,367),
  (1135,229,455),
  (1137,43,650),
  (1139,165,75),
  (1141,142,19),
  (1143,46,527),
  (1145,167,341),
  (1147,233,73),
  (1149,37,115),
  (1151,30,687),
  (1153,244,679),
  (1155,181,620),
  (1157,157,65),
  (1159,46,631),
  (1161,46,471),
  (1163,90,618),
  (1165,167,417),
  (1167,167,279),
  (1169,38,227),
  (1171,167,429),
  (1173,204,644),
  (1175,15,626),
  (1177,244,615),
  (1179,199,457),
  (1181,30,625),
  (1183,203,361),
  (1185,87,301),
  (1187,207,273),
  (1189,43,636),
  (1191,5,345),
  (1193,167,619),
  (1195,38,515),
  (1197,80,543),
  (1199,113,634),
  (1201,229,647),
  (1203,120,608),
  (1205,31,429),
  (1207,140,473),
  (1209,144,185),
  (1211,123,501),
  (1213,14,263),
  (1215,178,511),
  (1217,192,143),
  (1219,167,507),
  (1221,184,369),
  (1223,174,643),
  (1225,233,355),
  (1227,183,429),
  (1229,73,333),
  (1231,229,409),
  (1233,133,313),
  (1235,53,155),
  (1237,43,343),
  (1239,43,225),
  (1241,204,197),
  (1243,167,373),
  (1245,204,610),
  (1247,167,5),
  (1249,170,600),
  (1251,167,209),
  (1253,239,179),
  (1255,229,648),
  (1257,112,625),
  (1259,60,487),
  (1261,184,429);

COMMIT;

#
# Data for the `relpersonapremio` table  (LIMIT 0,500)
#

INSERT INTO `relpersonapremio` (`id`, `idpersona`, `idpremio`) VALUES 
  (1,122,12),
  (3,109,5),
  (5,74,1),
  (7,239,17),
  (9,163,45),
  (11,180,45),
  (13,81,56),
  (15,191,44),
  (17,14,67),
  (19,191,79),
  (21,60,73),
  (23,157,45),
  (25,191,61),
  (27,232,25),
  (29,204,52),
  (31,137,25),
  (33,74,72),
  (35,204,4),
  (37,154,5),
  (39,92,56),
  (41,213,80),
  (43,191,83),
  (45,191,26),
  (47,204,39),
  (49,84,80),
  (51,165,16),
  (53,191,10),
  (55,233,26),
  (57,60,46),
  (59,5,86),
  (61,74,29),
  (63,167,72),
  (65,233,55),
  (67,233,68),
  (69,200,78),
  (71,126,51),
  (73,60,36),
  (75,157,72),
  (77,60,12),
  (79,140,63),
  (81,113,26),
  (83,84,29),
  (85,38,64),
  (87,233,24),
  (89,160,58),
  (91,233,72),
  (93,140,72),
  (95,210,88),
  (97,233,85),
  (99,14,47),
  (101,204,71),
  (103,120,88),
  (105,3,53),
  (107,233,54),
  (109,204,19),
  (111,191,24),
  (113,84,89),
  (115,233,10),
  (117,109,3),
  (119,112,65),
  (121,80,25),
  (123,155,9),
  (125,168,86),
  (127,167,45),
  (129,233,5),
  (131,3,87),
  (133,204,6),
  (135,204,14),
  (137,236,25),
  (139,167,50),
  (141,204,47),
  (143,62,59),
  (145,178,53),
  (147,163,27),
  (149,165,11),
  (151,191,68),
  (153,204,23),
  (155,102,45),
  (157,204,20),
  (159,54,5),
  (161,14,14),
  (163,62,18),
  (165,229,1),
  (167,191,82),
  (169,159,66),
  (171,54,72),
  (173,204,7),
  (175,166,74),
  (177,109,72),
  (179,165,18),
  (181,122,78),
  (183,188,25),
  (185,71,87),
  (187,14,1),
  (189,68,21),
  (191,219,25),
  (193,30,72),
  (195,74,39),
  (197,204,60),
  (199,233,79),
  (201,172,65),
  (203,14,71),
  (205,168,21),
  (207,191,75),
  (209,140,22),
  (211,74,66),
  (213,14,4),
  (215,68,86),
  (217,140,5),
  (219,84,8),
  (221,39,91),
  (223,191,55),
  (225,60,50),
  (227,204,66),
  (229,167,2),
  (231,90,25),
  (233,80,56),
  (235,213,89),
  (237,97,48),
  (239,129,25),
  (241,191,85),
  (243,38,28),
  (245,191,77),
  (247,204,37),
  (249,54,34),
  (251,126,86),
  (253,60,40),
  (255,204,35),
  (257,193,25),
  (259,14,23),
  (261,204,28),
  (263,165,31),
  (265,165,84),
  (267,204,42),
  (269,167,46),
  (271,62,30),
  (273,92,25),
  (275,204,69),
  (277,38,14),
  (279,78,65),
  (281,140,81),
  (283,204,1),
  (285,165,59),
  (287,30,5),
  (289,233,44),
  (291,191,43),
  (293,38,1),
  (295,1,25),
  (297,14,28),
  (299,67,15),
  (301,213,29),
  (303,167,5),
  (305,233,75),
  (307,62,16),
  (309,172,5),
  (311,167,27),
  (313,204,32),
  (315,204,64),
  (317,30,65),
  (319,165,76),
  (321,14,13),
  (323,5,51),
  (325,204,70),
  (327,204,67),
  (329,14,69),
  (331,31,56),
  (333,195,25),
  (335,233,82),
  (337,68,51),
  (339,154,65),
  (341,239,1),
  (343,14,64),
  (345,126,21),
  (347,19,87),
  (349,233,43),
  (351,60,27),
  (353,5,53),
  (355,204,33),
  (357,135,14),
  (359,74,89),
  (361,213,8),
  (363,163,46),
  (365,198,45),
  (367,163,50),
  (369,221,25),
  (371,110,25),
  (373,30,2),
  (375,170,25),
  (377,5,21),
  (379,233,77),
  (381,30,41),
  (383,165,90),
  (385,74,5),
  (387,64,43),
  (389,103,38),
  (391,168,51),
  (393,165,30),
  (395,123,65),
  (397,204,13),
  (399,157,5),
  (401,124,88),
  (403,21,25);

COMMIT;

#
# Data for the `usuario` table  (LIMIT 0,500)
#

INSERT INTO `usuario` (`id`, `username`, `applicationname`, `email`, `comment`, `pass`, `passwordquestion`, `passwordanswer`, `isapproved`, `lastactivitydate`, `lastlogindate`, `lastpasswordchangeddate`, `creationdate`, `isonline`, `islockedout`, `lastlockedoutdate`, `failedpasswordattemptcount`, `failedpasswordanswerattemptcount`, `failedpasswordattemptwindowstart`, `failedpasswordanswerattemptwindowstart`, `auth_key`, `created_at`, `update_at`, `status`) VALUES 
  (1,'admin','/','','','123','','od57do9mvgmnqph7msr3ekxiwdo=',1,'2015-10-15 09:26:16','2015-10-15 09:26:16','2015-10-15 09:26:16','2015-10-15 09:26:16',0,0,'2015-10-15 09:26:16',0,0,'2015-10-15 09:26:16','2015-10-15 09:26:16',NULL,NULL,NULL,'1');

COMMIT;

